title,score.value,decision,score.justification
The causal role of elevated uric acid and waist circumference on the risk of metabolic syndrome components,-1,Excluded,BMI/adiposity terms are absent and not studied as an exposure. Blood pressure terms are present and studied as main outcomes. Mendelian randomisation is present. No European/white/Caucasian ancestry terms are mentioned.
Exploring the Relationship Between Schizophrenia and Cardiovascular Disease: A Genetic Correlation and Multivariable Mendelian Randomization Study,-3,Excluded,"BMI is present but not as the main exposure, it is considered a mediator. Blood pressure terms are present but not as the main outcome. Mendelian randomisation is present and correctly identified. No European ancestry terms are found."
Causal effect of alcohol use on the risk of end-stage kidney disease and related comorbidities: a Mendelian randomization study,-1,Excluded,"BMI/adiposity terms are present but not as the main exposure, resulting in -1 points. Blood pressure terms are present but not as the main outcome, also resulting in -1 points. Mendelian randomisation is present, adding 1 point. European ancestry is confirmed, adding 1 point."
Human genetic determinants of the gut microbiome and their associations with health and disease: a phenome-wide association study,0,Excluded,"BMI is mentioned but not as a main exposure, Mendelian randomisation is present, hypertension is studied as a main outcome, and European ancestry is indicated by 'UK Biobank'."
The effect of elevated body mass index on ischemic heart disease risk: causal estimates from a Mendelian randomisation approach,0,Excluded,"BMI is studied as the main exposure for IHD, Mendelian randomisation is present, no blood pressure terms as main outcomes, and European ancestry is indicated by mention of Copenhagen."
A Novel Method for Mendelian Randomization Analyses With Pleiotropy and Linkage Disequilibrium in Genetic Variants From Individual Data,1,Excluded,"BMI is studied as a main exposure to systolic blood pressure, which is considered as the main outcome. Mendelian randomisation is present in both title and abstract. No European ancestry terms are found."
Obesity and peripheral arterial disease: A Mendelian Randomization analysis,-1,Excluded,"BMI is studied as the main exposure for PAD, Mendelian randomisation is present, hypertension is mentioned but not as the main outcome, and there is no mention of European ancestry."
Association of Body Mass Index With Cardiometabolic Disease in the UK Biobank: A Mendelian Randomization Study,2,Excluded,"BMI is studied as the main exposure for blood pressure outcomes, which are the main outcomes of the study. Mendelian randomisation is present and used in the analysis. European ancestry is mentioned, but not as a specific focus on European/white/Caucasian ancestry, hence the deduction."
"The Role of Obesity, Type 2 Diabetes, and Metabolic Factors in Pancreatic Cancer: A Mendelian Randomization Study",-1,Excluded,"BMI is analyzed as a main exposure for pancreatic cancer risk, contributing positively. Mendelian randomisation is present in both title and abstract. Blood pressure is mentioned but not as the main outcome, resulting in a negative score. No European ancestry terms are found, leading to the lowest score in that category."
Understanding Factors That Cause Tinnitus: A Mendelian Randomization Study in the UK Biobank,-1,Excluded,"BMI/adiposity is present but not as a main exposure, hence -1. Blood pressure terms are present but not as the main outcome, hence -1. Mendelian randomisation is present, hence +1. European ancestry is present, hence +1. Total score is calculated as -1."
Genetic analysis of obstructive sleep apnoea discovers a strong association with cardiometabolic health,0,Excluded,"BMI is studied as a main exposure to OSA, not just a covariate. Mendelian randomisation is present and supports a causal relationship. Blood pressure terms are present but not as the main outcome. European ancestry is indicated by the mention of the FinnGen study."
"Association of lactase persistence genotype with milk consumption, obesity and blood pressure: a Mendelian randomization study in the 1982 Pelotas (Brazil) Birth Cohort, with a systematic review and meta-analysis",-3,Excluded,"BMI/adiposity is present but not as the main exposure, only as a covariate. Mendelian randomisation is present and correctly identified. Blood pressure terms are present but not as the main outcome. No European ancestry terms are found."
Metabolic and lifestyle factors in relation to senile cataract: a Mendelian randomization study,0,Excluded,BMI is studied as a main exposure variable. Blood pressure terms are present but not as the main outcome. Mendelian randomisation and European ancestry are both present in the text.
Association of Serum Uric Acid with Metabolic Syndrome and Its Components: A Mendelian Randomization Analysis,-3,Excluded,"BMI/adiposity is not mentioned, thus not the main exposure (-2). Mendelian randomisation is present (+1). Blood pressure terms are present but not as the main outcome (+1). No mention of European ancestry or population (-2)."
Impact of comorbidities on gout and hyperuricaemia: an update on prevalence and treatment options,-3,Excluded,"BMI/adiposity terms are absent, not studied as an exposure. Blood pressure terms are present but not as the main outcome. Mendelian randomisation is mentioned but not linked to European ancestry, which is absent."
Can increasing years of schooling reduce type 2 diabetes (T2D)?: Evidence from a Mendelian randomization of T2D and 10 of its risk factors,-2,Excluded,"BMI/adiposity ('being overweight') is mentioned but not as a main exposure, thus -1. Blood pressure ('higher blood pressure') is mentioned but not as the main outcome, thus -1. Mendelian randomisation is present, thus +1. No European ancestry terms are found, thus -2."
"Genetic Association of Waist-to-Hip Ratio With Cardiometabolic Traits, Type 2 Diabetes, and Coronary Heart Disease",0,Excluded,BMI is studied as a main exposure variable for blood pressure outcomes. Mendelian randomisation is present and used in the analysis. Blood pressure terms are present but not as the main outcome. European ancestry is indicated by the mention of the UK Biobank.
Evidence of a causal relationship between high serum adiponectin levels and increased cardiovascular mortality rate in patients with type 2 diabetes,-3,Excluded,"BMI is present but not as the main exposure, only as part of an adjusted model. Mendelian randomisation is present. Hypertension is mentioned but not as the main outcome. No European ancestry terms are found."
Association of cardiovascular risk factors and lifestyle behaviors with aortic aneurysm: A Mendelian randomization study,2,Excluded,"BMI is studied as a main exposure for blood pressure outcomes, both BMI and blood pressure terms are directly linked to the main study outcomes, Mendelian randomisation is present, and the study population is of European ancestry."
Risk factors mediating the effect of body mass index and waist-to-hip ratio on cardiovascular outcomes: Mendelian randomization analysis,0,Excluded,"BMI is studied as a main exposure variable for cardiovascular outcomes, Mendelian randomisation is present, blood pressure terms are present but not as the main outcome, and European ancestry is explicitly mentioned."
Type 2 Diabetes Is Causally Associated With Reduced Serum Osteocalcin: A Genomewide Association and Mendelian Randomization Study,-1,Excluded,"BMI is studied as a main exposure variable for blood pressure outcomes, Mendelian randomisation is present, blood pressure terms are present but not as the main outcome, and there is no mention of European ancestry."
Alcohol consumption and electrocardiographic left ventricular hypertrophy and mediation by elevated blood pressure in older Chinese men: the Guangzhou Biobank Cohort Study,-1,Excluded,"BMI is present but not as a main exposure, only as an adjusted variable. Mendelian randomization is mentioned as a suggested approach. Blood pressure is studied as a main outcome. No European ancestry terms are present."
"Genetically, Dietary Sodium Intake Is Causally Associated with Salt-Sensitive Hypertension Risk in a Community-Based Cohort Study: a Mendelian Randomization Approach",-1,Excluded,"BMI is present but not as a main exposure, only as a covariate. Mendelian randomisation is clearly present in both title and abstract. Blood pressure terms are present and studied as the main outcome. No European ancestry terms are found."
Causal association of body mass index with hypertension using a Mendelian randomization design,0,Excluded,"BMI is the main exposure studied for its causal effect on hypertension, which is the main outcome. Mendelian randomisation is present and used in the analysis. No European ancestry terms are mentioned, leading to a negative score in that category."
Using genetics to detangle the relationships between red cell distribution width and cardiovascular diseases: a unique role for body mass index,-1,Excluded,"BMI is studied as the main exposure in relation to RDW, which is a cardiovascular disease risk factor. Mendelian randomisation is present and used to explore this relationship. Blood pressure terms are present but not as the main outcome. No European ancestry terms are mentioned."
Causal associations of body mass index and waist-to-hip ratio with cardiometabolic traits among Chinese children: A Mendelian randomization study,2,Excluded,"BMI is studied as a main exposure to blood pressure, which is the main outcome. Mendelian randomisation is present. European ancestry is mentioned but not the focus of the study, hence the negative score for European ancestry."
Phenome-wide investigation of the causal associations between childhood BMI and adult trait outcomes: a two-sample Mendelian randomization study,1,Excluded,BMI/adiposity is studied as the main exposure variable in relation to adult traits. Mendelian randomisation is present and used in the study. Blood pressure terms are present and studied as an outcome. European ancestry is mentioned specifically referencing the UK Biobank.
Genetic Evidence for Different Adiposity Phenotypes and Their Opposing Influences on Ectopic Fat and Risk of Cardiometabolic Disease,2,Excluded,Adiposity is studied as the main exposure for cardiometabolic diseases. Mendelian randomization is present and used to study the effects of adiposity. Hypertension is studied as a main outcome. The term 'UK Biobank' indicates a European population but does not explicitly confirm European ancestry.
Modifiable Risk Factors for Intracranial Aneurysm and Aneurysmal Subarachnoid Hemorrhage: A Mendelian Randomization Study,-1,Excluded,"BMI/adiposity is present but not as the main exposure, hence -1. Mendelian randomisation is present, hence +1. Blood pressure terms are present as the main outcome, hence +1. European ancestry is absent, hence -2."
The influence of obesity-related factors in the etiology of renal cell carcinoma-A mendelian randomization study,0,Excluded,"BMI/adiposity is studied as a main exposure for RCC risk, Mendelian randomisation is present, blood pressure (specifically diastolic) is studied as a main outcome, and no European ancestry terms are mentioned."
The association between mitochondrial DNA abundance and stroke: A combination of multivariable-adjusted survival and Mendelian randomization analyses,-1,Excluded,"BMI is present but not as the main exposure, it's a confounder. Blood pressure terms are present but not as the main outcome, they are also confounders. Mendelian randomisation is correctly identified as present. European ancestry is correctly identified as present."
Polygenic risk score identifies associations between sleep duration and diseases determined from an electronic medical record biobank,-1,Excluded,"BMI/adiposity (obesity) is present but not as the main exposure, resulting in -1 points. Mendelian randomisation is present, adding 1 point. Blood pressure (hypertension) is present and studied as the main outcome, adding 1 point. European ancestry is absent, resulting in -2 points."
Interaction-based Mendelian randomization with measured and unmeasured gene-by-covariate interactions,2,Excluded,"BMI is studied as a main exposure for blood pressure, which is the main outcome. Mendelian randomization is present in both title and abstract. European ancestry is indicated by 'UK Biobank', but this does not explicitly confirm European or white ancestry, hence a negative score for European ancestry."
BMI Is Causally Associated With Pulmonary Artery Pressure But Not Hemodynamic Evidence of Pulmonary Vascular Remodeling,0,Excluded,"BMI is studied as the main exposure for pulmonary artery pressure, which is the main outcome. Mendelian randomization is present and correctly applied to study the causality of BMI on pulmonary artery pressure. No European ancestry terms are present, reducing the score."
Contribution of metabolic risk factors and lifestyle behaviors to cardiovascular disease: A mendelian randomization study,0,Excluded,"BMI is a main exposure variable for CVD, Mendelian randomisation is present in both title and abstract, blood pressure terms are studied as main outcomes, and no European ancestry terms are mentioned."
Exploring causal associations between alcohol and coronary heart disease risk factors: findings from a Mendelian randomization study in the Copenhagen General Population Study,0,Excluded,"BMI is present but not as the main exposure, hence -1. Mendelian randomisation is present, hence +1. Blood pressure terms are present and studied as the main outcome, hence +1. European ancestry is indicated by the mention of the Copenhagen study, hence +1."
A multi-omics study of circulating phospholipid markers of blood pressure,0,Excluded,"BMI/adiposity is present but not as a main exposure, hence -1. Mendelian randomisation is present, scoring +1. Blood pressure terms are present and studied as the main outcome, scoring +1. European ancestry is mentioned, scoring +1."
"Birthweight, Type 2 Diabetes Mellitus, and Cardiovascular Disease: Addressing the Barker Hypothesis With Mendelian Randomization",-1,Excluded,"BMI/adiposity terms are present but not as the main exposure, leading to a -1 score. Blood pressure terms are present but not as the main outcome, also leading to a -1 score. Mendelian randomisation is present, adding 1 point. European ancestry is indicated by 'UK Biobank', adding 1 point."
Causal Effect of Adiposity Measures on Blood Pressure Traits in 2 Urban Swedish Cohorts: A Mendelian Randomization Study,2,Excluded,"BMI/adiposity is studied as the main exposure to blood pressure, which is the main outcome. Mendelian randomisation is present and discussed. European ancestry is mentioned, but only as the location of the cohort, not specifically targeting European ancestry."
High-Density Lipoprotein 3 Cholesterol and Primary Open-Angle Glaucoma: Metabolomics and Mendelian Randomization Analyses,-2,Excluded,"BMI is present but not as a main exposure, Mendelian randomisation is present, blood pressure terms are present but not as the main outcome, and no European ancestry terms are found."
The role of adiposity in cardiometabolic traits: a Mendelian randomization analysis,2,Excluded,"BMI/adiposity is the main exposure variable studied for its causal relationship with blood pressure and other cardiometabolic traits. Mendelian randomisation is present and used as the methodological approach. Blood pressure terms are present and studied as main outcomes. European ancestry is mentioned, but the term 'European descent' does not strictly match the required terms for European/white/Caucasian ancestry."
Obesity increases the risk of cardiovascular disease,-4,Excluded,"BMI/adiposity was not mentioned as an exposure or otherwise, resulting in a -2 score. Mendelian randomisation was present, adding 1 point. No blood pressure terms or European ancestry were mentioned, each contributing to a -2 score."
Systematic evaluation of the association between hemoglobin levels and metabolic profile implicates beneficial effects of hypoxia,-2,Excluded,"BMI/adiposity is present but not as the main exposure, hence -1. Blood pressure terms are present but not as the main outcome, hence -1. Mendelian randomisation is present, hence +1. European ancestry is absent, hence -2. Total score calculated as -2."
Lifestyle and metabolic factors for nonalcoholic fatty liver disease: Mendelian randomization study,-1,Excluded,"BMI is studied as a main exposure for NAFLD, Mendelian randomisation is present, blood pressure terms are present but not as the main outcome, and there is no mention of European ancestry."
A phenome-wide bidirectional Mendelian randomization analysis of atrial fibrillation,-1,Excluded,BMI is a main exposure variable for atrial fibrillation. Mendelian randomisation is present in both title and abstract. Blood pressure terms are present but not as the main outcome. No European ancestry terms are mentioned.
Causal effects of cardiovascular risk factors on onset of major age-related diseases: A time-to-event Mendelian randomization study,-1,Excluded,"BMI is studied as a main exposure for cardiovascular diseases, Mendelian randomization is present in both title and abstract, blood pressure terms are present but not as the main outcome, and there is no mention of European ancestry."
Revisiting the Alcohol Consumption Association With Age-Related Macular Degeneration: What Should We Tell Patients in 2021?,-6,Excluded,"No terms related to BMI/adiposity, Mendelian randomisation, blood pressure, or European ancestry were mentioned in the title or abstract. Therefore, all respective scores are negative."
"Robust Mendelian randomization in the presence of residual population stratification, batch effects and horizontal pleiotropy",0,Excluded,"BMI is studied as a main exposure variable for diastolic blood pressure, which is the main outcome. Mendelian randomization is present in both title and abstract. No European ancestry terms found, impacting the score negatively."
Negative Effects of Age at Menarche on Risk of Cardiometabolic Diseases in Adulthood: A Mendelian Randomization Study,-2,Excluded,"BMI/adiposity is present but not as the main exposure, only as a confounder. Mendelian randomisation is present in both title and abstract. Blood pressure terms are present but not as the main outcome. No European ancestry terms are found."
"Genetically driven adiposity traits increase the risk of coronary artery disease independent of blood pressure, dyslipidaemia, glycaemic traits",-1,Excluded,BMI/adiposity is the main exposure in the study as it is directly linked to CAD risk independent of other factors. Mendelian randomisation is present and used to establish causality. Blood pressure is mentioned but not as the main outcome. No European ancestry or specific population mentioned.
A data-driven approach for studying the role of body mass in multiple diseases: a phenome-wide registry-based case-control study in the UK Biobank,2,Excluded,"BMI is studied as a main exposure for multiple diseases, including blood pressure outcomes. Mendelian randomisation is present and used to assess causal effects. Blood pressure terms are present and studied as outcomes. European ancestry is explicitly mentioned."
Genetic studies of abdominal MRI data identify genes regulating hepcidin as major determinants of liver iron concentration,0,Excluded,BMI/adiposity is present as 'central obesity' and is a main exposure variable. Mendelian randomisation is present. Blood pressure terms are present but not as the main outcome. European ancestry is indicated by 'UK Biobank'.
"Coffee intake and risk of obesity, metabolic syndrome and type 2 diabetes: a Mendelian randomization study",-3,Excluded,"BMI/adiposity is present but not as the main exposure, resulting in -1 points. Mendelian randomisation is present, adding 1 point. Blood pressure terms are present but not as the main outcome, resulting in -1 points. European ancestry is absent, resulting in -2 points."
Identifying shared genetic loci between coronavirus disease 2019 and cardiovascular diseases based on cross-trait meta-analysis,-1,Excluded,"BMI/adiposity (OBE) is present but not as a main exposure, leading to -1 points. Mendelian randomization is present, adding 1 point. Blood pressure terms are present as the main outcome, adding 1 point. European ancestry is absent, resulting in -2 points."
Association of plasma uric acid with ischaemic heart disease and blood pressure: mendelian randomisation analysis of two large cohorts,0,Excluded,"BMI is present but not as the main exposure, it is used as a confounding factor. Mendelian randomisation is clearly mentioned in both the title and abstract. Blood pressure is studied as the main outcome. European ancestry is indicated by the mention of Denmark."
Association of vitamin D status with arterial blood pressure and hypertension risk: a mendelian randomisation study,-1,Excluded,"BMI/adiposity terms are absent, hence -2 points. Mendelian randomisation is present, adding 1 point. Blood pressure terms are present and studied as the main outcome, adding 1 point. European ancestry is not mentioned, resulting in -2 points."
"Nonfasting glucose, ischemic heart disease, and myocardial infarction: a Mendelian randomization study",-1,Excluded,"BMI/adiposity is not mentioned, thus scoring -2. Mendelian randomisation is present in both title and abstract, scoring 1. Blood pressure terms are absent, scoring -2. European ancestry is indicated by mention of Copenhagen, Denmark, scoring 1."
Genetically elevated levels of circulating triglycerides and brachial-ankle pulse wave velocity in a Chinese population,-3,Excluded,"BMI is present but not as the main exposure, only as a covariate. Mendelian randomisation is present. Blood pressure terms are present but not as the main outcome, only as covariates. No European ancestry terms are present."
"Causal Inference for Genetic Obesity, Cardiometabolic Profile and COVID-19 Susceptibility: A Mendelian Randomization Study",0,Excluded,"BMI is studied as a main exposure for blood pressure, which is not the main outcome. Mendelian randomisation and European ancestry are present."
Epigenome-wide association study identifies DNA methylation sites associated with target organ damage in older African Americans,-1,Excluded,"BMI is present but not as a main exposure, only as an adjustment factor. Mendelian randomization is present and discussed in the context of causality. Blood pressure is the main outcome of the study. No European ancestry or related terms are mentioned."
"Trans-biobank analysis with 676,000 individuals elucidates the association of polygenic risk scores of complex traits with human lifespan",0,Excluded,"BMI is present but not as a main exposure, reducing the score. Mendelian randomization is present, adding to the score. Blood pressure is studied as the main outcome, positively impacting the score. European ancestry is mentioned, contributing positively to the score."
Age- and sex-specific causal effects of adiposity on cardiovascular risk factors,0,Excluded,"BMI/adiposity is studied as the main exposure for blood pressure, which is the main outcome. Mendelian randomisation is present. No European ancestry terms found, impacting the score negatively."
"Letter by Gill Regarding Article, ""White Blood Cells and Blood Pressure: A Mendelian Randomization Study""",-1,Excluded,BMI/adiposity is absent and not studied as an exposure. Mendelian randomisation is present. Blood pressure is present and studied as the main outcome. European ancestry is not mentioned.
"Relationship between alcohol use, blood pressure and hypertension: an association study and a Mendelian randomisation study",-1,Excluded,"BMI/adiposity is not mentioned, thus not a main exposure (-2). Mendelian randomisation is present (+1). Blood pressure terms are present and studied as main outcomes (+1). No mention of European ancestry or related terms (-2)."
Mendelian randomization estimates of alanine aminotransferase with cardiovascular disease: Guangzhou Biobank Cohort study,-2,Excluded,"BMI is present but not as a main exposure, Mendelian randomisation is present, blood pressure terms are present but not as the main outcome, and there is no mention of European ancestry."
Impact of risk factors for major cardiovascular diseases: a comparison of life-time observational and Mendelian randomisation findings,0,Excluded,"BMI is present but not as a main exposure, hence -1. Blood pressure terms are present as the main outcome, hence +1. Mendelian randomisation is present, hence +1. European ancestry is present, hence +1."
"Variation in Normal Range Thyroid Function Affects Serum Cholesterol Levels, Blood Pressure, and Type 2 Diabetes Risk: A Mendelian Randomization Study",-1,Excluded,"BMI is present but not as a main exposure, reducing its score. Mendelian randomisation is clearly present in both title and abstract. Blood pressure is a main outcome, positively affecting the score. No European ancestry terms are found, negatively impacting the score."
Identification of Circulating Proteins Associated With Blood Pressure Using Mendelian Randomization,0,Excluded,"BMI is mentioned in the abstract but not as the main exposure, thus -1. Blood pressure terms are the main outcome, thus +1. Mendelian randomisation is present in both title and abstract, thus +1. European ancestry is confirmed by mention of the UK Biobank, thus +1."
"A UGT1A1 variant is associated with serum total bilirubin levels, which are causal for hypertension in African-ancestry individuals",-1,Excluded,"BMI/adiposity is present but not as the main exposure, leading to a -1 score. Mendelian randomisation is present, adding 1 point. Blood pressure terms are present and studied as the main outcome, adding 1 point. European ancestry is absent, resulting in a -2 score."
"The relationships of sex hormone-binding globulin, total testosterone, androstenedione and free testosterone with metabolic and reproductive features of polycystic ovary syndrome",-2,Excluded,"BMI is present but not as a main exposure, Mendelian randomisation is present, blood pressure terms are present but not as a main outcome, and no European ancestry terms are found."
Serum uric acid levels and cardiovascular disease: the Gordian knot,-3,Excluded,"BMI/adiposity terms are absent, thus scoring -2. Mendelian randomisation is present but only in the abstract, scoring 1. Blood pressure terms are present but not as the main outcome, scoring -1. No European/white/caucasian ancestry terms are found, scoring -2."
Causal effects of body mass index on cardiometabolic traits and events: a Mendelian randomization analysis,2,Excluded,"BMI is studied as the main exposure affecting cardiometabolic traits, including blood pressure as an outcome. Mendelian randomization is used to explore these causal effects. The study includes European-descent individuals, confirming the presence of European ancestry."
Uric Acid and Cardiovascular Events: A Mendelian Randomization Study,-3,Excluded,"BMI/adiposity is not mentioned, thus scoring -2. Mendelian randomisation is present in both title and abstract, scoring 1. Blood pressure term 'hypertension' is present but not as the main outcome, scoring -1. No European ancestry terms are mentioned, scoring -2."
Association of Cardiovascular Risk Factors and Lifestyle Behaviors With Hypertension: A Mendelian Randomization Study,2,Excluded,"BMI is studied as a main exposure for hypertension, which is the main outcome. Mendelian randomisation is present in both title and abstract. European ancestry is mentioned, but the terms used ('European-descent', 'European cohorts') may not fully align with the requirement for 'European/white/caucasian population/ancestry'."
Mendelian randomisation in type 2 diabetes and coronary artery disease,-1,Excluded,"BMI/adiposity is present but not as the main exposure, thus -1. Mendelian randomisation is present, thus +1. Blood pressure terms are present and studied as the main outcome, thus +1. European ancestry is absent, thus -2. Total score calculated as -1."
Mendelian randomization study of B-type natriuretic peptide and type 2 diabetes: evidence of causal association from population studies,-2,Excluded,"BMI/adiposity is present but not as the main exposure, leading to -1 points. Mendelian randomisation is present, adding 1 point. Blood pressure terms are present but not as the main outcome, resulting in -1 points. European ancestry is absent, resulting in -2 points."
Insulin Response to Oral Glucose and Cardiometabolic Disease: A Mendelian Randomization Study to Assess Potential Causality,0,Excluded,BMI and adiposity are studied as main exposures to cardiometabolic diseases. Mendelian randomisation is present in both title and abstract. Blood pressure terms are present but not as the main outcome. European ancestry is explicitly mentioned.
On the Use of the Lasso for Instrumental Variables Estimation with Some Invalid Instruments,2,Excluded,"BMI is studied as a main exposure for blood pressure, which is the main outcome. Mendelian randomisation is present. European ancestry is indicated by 'UK Biobank', but it is not explicitly mentioned as European or white ancestry, hence the deduction."
Conventional and Bidirectional Genetic Evidence on Resting Heart Rate and Cardiometabolic Traits,0,Excluded,"BMI is present but not as the main exposure, hence -1. Mendelian randomisation is present, scoring +1. Blood pressure terms are present as the main outcome, scoring +1. European ancestry is indicated by 'UK Biobank', scoring +1."
Causal relationships between obesity and the leading causes of death in women and men,0,Excluded,BMI is studied as a main exposure variable using genetic risk scores as instrumental variables. Mendelian randomization is explicitly mentioned as the method used. Blood pressure is mentioned but not as the main outcome. The UK Biobank indicates a European population.
C-reactive protein and its role in metabolic syndrome: mendelian randomisation study,-1,Excluded,"BMI is present but not as the main exposure, hence -1. Blood pressure terms are present but not as the main outcome, hence -1. Mendelian randomisation is present, adding 1 point. European ancestry is mentioned (British), adding 1 point."
Common quantitative trait locus downstream of RETN gene identified by genome-wide association study is associated with risk of type 2 diabetes mellitus in Han Chinese: a Mendelian randomization effect,-3,Excluded,"BMI/adiposity is not mentioned, thus scoring -2. Mendelian randomisation is present in both title and abstract, scoring 1. Blood pressure terms are present but not as the main outcome, scoring -1. No European ancestry terms are mentioned, scoring -2."
Effect of Systolic Blood Pressure on Left Ventricular Structure and Function: A Mendelian Randomization Study,0,Excluded,"BMI is present but not as the main exposure, thus -1. Mendelian randomisation is present, thus +1. Blood pressure terms are the main outcome, thus +1. European ancestry is indicated by 'UK Biobank', thus +1."
"Searching for the causal effects of body mass index in over 300 000 participants in UK Biobank, using Mendelian randomization",0,Excluded,"BMI is studied as the main exposure variable, Mendelian randomisation is present, blood pressure terms are present but not as the main outcome, and European ancestry is indicated by 'UK Biobank'."
Phenome-wide Mendelian-randomization study of genetically determined vitamin D on multiple health outcomes using the UK Biobank study,0,Excluded,"BMI is present but not as a main exposure, reducing its score. Blood pressure terms are present as main outcomes, and Mendelian randomisation is clearly mentioned. European ancestry is confirmed with 'White British'."
Association of serum HDL-cholesterol and apolipoprotein A1 levels with risk of severe SARS-CoV-2 infection,-1,Excluded,"BMI/adiposity is not mentioned as an exposure or outcome, leading to a score of -2. Mendelian randomisation is present in the abstract, scoring +1. Blood pressure is mentioned but not as the main outcome, resulting in -1. European ancestry is indicated by 'UK Biobank', scoring +1."
Excess comorbidities in gout: the causal paradigm and pleiotropic approaches to care,-2,Excluded,"BMI/adiposity is mentioned but not as a main exposure, resulting in -1 points. Mendelian randomisation is present, adding 1 point. Blood pressure terms are mentioned but not as the main outcome, leading to -1 points. No European ancestry terms are found, resulting in -2 points."
Genetic Evidence for Causal Relationships Between Maternal Obesity-Related Traits and Birth Weight,0,Excluded,"BMI is studied as a main exposure for blood pressure, which is not the main outcome. Mendelian randomisation and European ancestry are present, contributing positively to the score."
Understanding the consequences of education inequality on cardiovascular disease: mendelian randomisation study,-1,Excluded,"BMI is present but not as the main exposure, it is a mediator. Blood pressure is present but not as the main outcome, it is a mediator. Mendelian randomisation and European ancestry are both present."
"Associations of Visceral Adipose Tissue, Circulating Protein Biomarkers, and Risk of Cardiovascular Diseases: A Mendelian Randomization Analysis",0,Excluded,BMI/adiposity is studied as a main exposure variable. Mendelian randomisation is present. Blood pressure terms are present but not as the main outcome. European ancestry is indicated by the mention of the FinnGen study.
Evaluation of the causal effects between subjective wellbeing and cardiometabolic health: mendelian randomisation study,-1,Excluded,"BMI is present but not as the main exposure, it is studied as an outcome. Blood pressure terms are present but not as the main outcome. Mendelian randomisation and European ancestry are both present."
Mendelian randomization in family data,-2,Excluded,"BMI is present but not as a main exposure, Mendelian randomisation is present, blood pressure terms are present but not as a main outcome, and no European ancestry terms are found."
Plasma Circulating Vitamin C Levels and Risk of Endometrial Cancer: A Bi-Directional Mendelian Randomization Analysis,-3,Excluded,"BMI/adiposity is mentioned but not as the main exposure, hence -1. Blood pressure is mentioned but not as the main outcome, hence -1. Mendelian randomisation is present, hence +1. No European ancestry mentioned, hence -2."
Distinct causal effects of body fat distribution on cardiometabolic traits among children: Findings from the BCAMS study,0,Excluded,"BMI/adiposity is studied as a main exposure to blood pressure outcomes, Mendelian randomisation is present, blood pressure terms are studied as main outcomes, and there is no mention of European ancestry."
"Remnant cholesterol, low-density lipoprotein cholesterol, and blood pressure as mediators from obesity to ischemic heart disease",-1,Excluded,"BMI is present but not as the main exposure, blood pressure terms are present but not as the main outcome, Mendelian randomisation and European ancestry are correctly identified."
Exploring the causal pathway from ischemic stroke to atrial fibrillation: a network Mendelian randomization study,0,Excluded,"BMI/adiposity is present but not as a main exposure, thus -1. Blood pressure terms are present and studied as the main outcome, thus +1. Mendelian randomisation is present, thus +1. European ancestry is mentioned, thus +1. Total score is calculated as the sum of these values."
Lifetime body mass index and later atherosclerosis risk in young adults: examining causal links using Mendelian randomization in the Cardiovascular Risk in Young Finns study,0,Excluded,"BMI is studied as a main exposure to blood pressure outcomes, Mendelian randomization is present, blood pressure terms are present but not as the main outcome, and European ancestry is indicated by 'Finns'."
Disease consequences of higher adiposity uncoupled from its adverse metabolic effects using Mendelian randomisation,0,Excluded,"BMI/adiposity is studied as a main exposure to diseases. Mendelian randomisation is present and used in the study. Blood pressure terms are present and studied as main outcomes. European ancestry is not mentioned, leading to a negative score in that category."
"Vitamin D, Cardiovascular Disease and Risk Factors",-2,Excluded,"BMI/adiposity terms are absent, thus scoring -2. Mendelian randomisation is present in the abstract, scoring 1. Blood pressure terms are present and studied as a main outcome, scoring 1. European ancestry is not mentioned, scoring -2."
Effects of the Timing of Sex-Steroid Exposure in Adolescence on Adult Health Outcomes,-3,Excluded,"BMI is present but not as a main exposure, Mendelian randomisation is present, blood pressure is present but not as a main outcome, and European ancestry is absent."
Lipid and metabolic syndrome traits in coronary artery disease: a Mendelian randomization study,-3,Excluded,"BMI is present but not as a main exposure, Mendelian randomisation is present, blood pressure terms are present but not as the main outcome, and no European ancestry terms are found."
"Association of Smoking, Alcohol Consumption, Blood Pressure, Body Mass Index, and Glycemic Risk Factors With Age-Related Macular Degeneration: A Mendelian Randomization Study",-1,Excluded,"BMI is a main exposure variable, Mendelian randomisation is present, blood pressure terms are present but not as the main outcome, and no European ancestry terms are found."
Relation of age-related cataract with obesity and obesity genes in an Asian population,-2,Excluded,"BMI is present but not as a main exposure, only as a covariate. Mendelian randomisation is present. Blood pressure is mentioned but not as the main outcome. No European ancestry terms are present."
Genetically predicted testosterone and cardiovascular risk factors in men: a Mendelian randomization analysis in the Guangzhou Biobank Cohort Study,-2,Excluded,"BMI is present but not as a main exposure, Mendelian randomisation is present, blood pressure terms are present but not as the main outcome, and there is no mention of European ancestry."
Robust inference of bi-directional causal relationships in presence of correlated pleiotropy with GWAS summary data,-2,Excluded,"BMI is mentioned but not as a main exposure, Mendelian randomisation is present, blood pressure is mentioned but not as a main outcome, and no European ancestry terms are found."
Cardiometabolic traits mediating the effect of education on osteoarthritis risk: a Mendelian randomization study,0,Excluded,BMI is studied as a main exposure affecting osteoarthritis risk. Blood pressure is mentioned but not as a main outcome. Mendelian randomisation is clearly present in both title and abstract. European ancestry is indicated by the mention of UK Biobank.
"Birth weight, childhood obesity and risk of hypertension: a Mendelian randomization study",2,Excluded,"Childhood body mass index is studied as a main exposure to essential hypertension, which is the main outcome. Mendelian randomisation is present in both title and abstract. European ancestry is indicated by mention of the UK Biobank, but it's not explicitly stated as European or white ancestry."
Shared genetic components between metabolic syndrome and schizophrenia: Genetic correlation using multipopulation data sets,-1,Excluded,"BMI is present but not as a main exposure, blood pressure terms are present but not as a main outcome, Mendelian randomisation and European ancestry are present."
Factorial Mendelian randomization: using genetic variants to assess interactions,2,Excluded,"BMI is studied as a main exposure for blood pressure, which is the main outcome. Mendelian randomization is present in both title and abstract. European ancestry is mentioned (UK Biobank), but not explicitly as European or white ancestry, hence the deduction."
Is aldehyde dehydrogenase 2 a credible genetic instrument for alcohol use in Mendelian randomization analysis in Southern Chinese men?,-3,Excluded,BMI is present but not as a main exposure. Mendelian randomisation is present in both title and abstract. Blood pressure terms are present but not as the main outcome. No European ancestry terms are found.
"The role of obesity, type 2 diabetes, and metabolic factors in gout: A Mendelian randomization study",2,Excluded,"BMI/adiposity is studied as a main exposure to blood pressure, which is the main outcome. Mendelian randomisation is present and European ancestry is mentioned, but not as the main focus."
Does high C-reactive protein concentration increase atherosclerosis? The Whitehall II Study,-1,Excluded,"BMI/adiposity is not mentioned, thus scoring -2. Mendelian randomisation is present in the abstract, scoring +1. No blood pressure terms are mentioned, scoring -2. European ancestry is indicated by 'the Whitehall II Study', scoring +1."
Obesity and ischemic heart disease: defining the link,-6,Excluded,"No terms related to BMI/adiposity, Mendelian randomisation, blood pressure, or European ancestry were found in the title or abstract. BMI/adiposity is not studied as a main exposure to blood pressure, which is also not present as a main outcome. The absence of all key terms results in a negative score."
Lack of association between modifiable exposures and glioma risk: a Mendelian randomization analysis,-3,Excluded,"BMI is present but not as a main exposure, Mendelian randomisation is present, blood pressure terms are present but not as main outcome, and no European ancestry terms are found."
A two-sample Mendelian randomization analysis of modifiable risk factors and intracranial aneurysms,-1,Excluded,"BMI/adiposity is present but not as the main exposure, resulting in -1 points. Mendelian randomisation is present, adding 1 point. Blood pressure terms are present as the main outcome, adding 1 point. European ancestry is absent, deducting 2 points."
Alcohol use and cardiometabolic risk in the UK Biobank: A Mendelian randomization study,0,Excluded,"BMI is present but not as a main exposure, only mitigating the effect of alcohol on type 2 diabetes. Blood pressure is studied as a main outcome. Mendelian randomisation is present in both title and abstract. European ancestry is indicated by the mention of 'UK Biobank'."
Assessment of the Causal Effects of Obstructive Sleep Apnea on Atrial Fibrillation: A Mendelian Randomization Study,0,Excluded,"BMI is present but not as a main exposure, it is adjusted for in the analysis. Blood pressure (hypertension) is mentioned but not as the main outcome. Mendelian randomisation is clearly present and relevant. Finnish ancestry indicates European ancestry."
Validation of external and internal exposome of the findings associated to cerebral small vessel disease: A Mendelian randomization study,-1,Excluded,"Adiposity is present but not as the main exposure, Mendelian randomisation is present, hypertension is studied as a main outcome, and no European ancestry terms are present."
"Causal Factors for Knee, Hip, and Hand Osteoarthritis: A Mendelian Randomization Study in the UK Biobank",0,Excluded,"BMI is studied as a main exposure for osteoarthritis, Mendelian randomisation is present, blood pressure is not the main outcome, and the study involves a European population (UK Biobank)."
Associations of Circulating Protein Levels With Lipid Fractions in the General Population,-1,Excluded,"BMI is present but not as a main exposure, Mendelian randomization is present, blood pressure terms are present but not as a main outcome, and European ancestry is mentioned."
Exploring the relationship between maternal iron status and offspring's blood pressure and adiposity: a Mendelian randomization study,0,Excluded,"BMI/adiposity is present but not as the main exposure, hence -1. Mendelian randomisation is present, scoring +1. Blood pressure terms are present and studied as the main outcome, scoring +1. European ancestry is present through the mention of the UK Women's Cohort Study, scoring +1."
Genetically predicted 17beta-estradiol and cardiovascular risk factors in women: a Mendelian randomization analysis using young women in Hong Kong and older women in the Guangzhou Biobank Cohort Study,-1,Excluded,"BMI/adiposity is present but not as the main exposure, leading to a -1 score. Mendelian randomisation is present, scoring +1. Blood pressure terms are present and are the main outcome, scoring +1. No European ancestry terms are found, resulting in a -2 score."
Investigating the causal effect of fibroblast growth factor 23 on osteoporosis and cardiometabolic disorders: A Mendelian randomization study,-2,Excluded,"BMI is present but not as the main exposure, only as a covariate in multivariable analysis. Mendelian randomisation is clearly present in both title and abstract. Blood pressure terms are mentioned but not as the main outcome. No European ancestry terms are found."
"Molecular sources of residual cardiovascular risk, clinical signals, and innovative solutions: relationship with subclinical disease, undertreatment, and poor adherence: implications of new evidence upon optimizing cardiovascular patient outcomes",-2,Excluded,BMI/adiposity is mentioned ('body weight') but not as a main exposure. Mendelian randomisation is present. Hypertension is mentioned but not as the main outcome. No European ancestry terms are present.
Cardiometabolic Polygenic Risk Scores and Osteoarthritis Outcomes: A Mendelian Randomization Study Using Data From the Malmo Diet and Cancer Study and the UK Biobank,0,Excluded,BMI is studied as a main exposure for osteoarthritis outcomes. Mendelian randomisation is present in both title and abstract. Blood pressure is mentioned but not as a main outcome. European ancestry is indicated by references to the UK Biobank and Malmo Diet and Cancer Study.
Association of cannabis use disorder with cardiovascular diseases: A two-sample Mendelian randomization study,-2,Excluded,"BMI is present but not as a main exposure, only as a mediator. Mendelian randomisation is present in both title and abstract. Hypertension is mentioned but not as a main outcome, rather as a mediator. No European ancestry terms are found."
Timing of Pubertal Development and Midlife Blood Pressure in Men and Women: A Mendelian Randomization Study,0,Excluded,"BMI is present but not as a main exposure, it is adjusted for as a covariate. Blood pressure terms are the main outcome of the study. Mendelian randomisation is present in both the title and abstract. European ancestry is indicated by the mention of the UK Biobank."
Effect of Cheese Intake on Cardiovascular Diseases and Cardiovascular Biomarkers,-1,Excluded,"BMI is present but not as a main exposure, reducing its score. Mendelian randomisation is present, adding a point. Blood pressure terms are present and studied as the main outcome, adding a point. No European ancestry terms are present, reducing the score."
Genetic evidence for a causal relationship between type 2 diabetes and peripheral artery disease in both Europeans and East Asians,-1,Excluded,"BMI is present but not as a main exposure, Mendelian randomisation and European ancestry are present, and blood pressure terms are present but not as the main outcome."
Mendelian randomization analysis does not support causal associations of birth weight with hypertension risk and blood pressure in adulthood,-1,Excluded,"BMI/adiposity terms are absent, thus scoring -2. Mendelian randomisation is present in both title and abstract, scoring 1. Blood pressure terms are present and are the main outcome, scoring 1. European ancestry is indicated by the mention of UK Biobank, scoring 1."
"Genome-Wide Association Analysis of Over 170,000 Individuals from the UK Biobank Identifies Seven Loci Associated with Dietary Approaches to Stop Hypertension (DASH) Diet",-1,Excluded,"BMI is present but not as a main exposure, it's implicated in genetic correlation analysis. Mendelian randomisation is present in the analysis. Blood pressure terms are present but not as the main outcome, rather they are part of the study's dietary focus. European ancestry is indicated by the study population (UK Biobank)."
A multi-population phenome-wide association study of genetically-predicted height in the Million Veteran Program,-1,Excluded,"BMI/adiposity is present but not as the main exposure, leading to a -1 score. Mendelian randomisation is present, scoring +1. Blood pressure terms are present but not as the main outcome, resulting in -1. European ancestry is present, scoring +1."
The association between cardiovascular risk factors and major cardiovascular diseases decreases with increasing frailty levels in geriatric outpatients,-3,Excluded,"BMI/adiposity is absent, not studied as an exposure. Blood pressure terms are present but not as the main outcome. Mendelian randomisation is mentioned in the abstract. No European ancestry terms are present."
Genetic Determinants of Body Mass Index and Fasting Glucose Are Mediators of Grade 1 Diastolic Dysfunction,0,Excluded,"BMI is studied as a main exposure variable for G1DD, Mendelian randomization is present, blood pressure terms are present but not as the main outcome, and European ancestry is explicitly mentioned."
Cardiovascular risk factors and lifestyle behaviours in relation to longevity: a Mendelian randomization study,-1,Excluded,"BMI is present but not as the main exposure, thus scoring -1. Mendelian randomisation is present in both title and abstract, scoring 1. Blood pressure terms are present and studied as the main outcome, scoring 1. No European ancestry terms are present, scoring -2."
Mendelian Randomization Analyses Suggest Childhood Body Size Indirectly Influences End Points From Across the Cardiovascular Disease Spectrum Through Adult Body Size,0,Excluded,"BMI/adiposity is present as a main exposure in the abstract, Mendelian randomisation is present in both title and abstract, hypertension is present as a main outcome in the abstract, and no European ancestry terms are found."
Maternal Hypertension Increases Risk of Preeclampsia and Low Fetal Birthweight: Genetic Evidence From a Mendelian Randomization Study,2,Excluded,"BMI is studied as a main exposure for blood pressure outcomes. Blood pressure terms are present and studied as main outcomes. Mendelian randomisation is present in both title and abstract. European ancestry is mentioned, but the context does not specify it as a focus, hence the deduction."
"MR-PheWAS: hypothesis prioritization among potential causal effects of body mass index on many outcomes, using Mendelian randomization",-1,Excluded,"BMI is studied as the main exposure in relation to various outcomes, including blood pressure, but blood pressure is not the main outcome. Mendelian randomization is present in the title. No European ancestry terms are mentioned."
Causal Effects of Overall and Abdominal Obesity on Insulin Resistance and the Risk of Type 2 Diabetes Mellitus: A Two-Sample Mendelian Randomization Study,-1,Excluded,"BMI/adiposity is studied as a main exposure for insulin resistance and T2DM risk, earning +1. Mendelian randomisation is present in both title and abstract, earning +1. Blood pressure terms are present but not as the main outcome, resulting in -1. No European ancestry terms are found, resulting in -2."
Trans-ethnic Mendelian-randomization study reveals causal relationships between cardiometabolic factors and chronic kidney disease,2,Excluded,"BMI is studied as a main exposure for CKD, blood pressure terms are studied as main outcomes, Mendelian randomisation is present, and European ancestry is explicitly mentioned."
Appraising the Effect of Potential Risk Factors on Thyroid Cancer: A Mendelian Randomization Study,-1,Excluded,"BMI/adiposity is present but not as the main exposure, hence -1. Mendelian randomisation is present, hence +1. Blood pressure terms are present but not as the main outcome, hence -1. European ancestry is present, hence +1."
Blood pressure and risk of cancer: a Mendelian randomization study,0,Excluded,"BMI is present but not as a main exposure, hence -1. Blood pressure terms are the main outcome, scoring +1. Mendelian randomisation is present, scoring +1. European ancestry is indicated by 'UK Biobank', scoring +1. Total score is 0 after summing individual scores."
"Roles of Cardiometabolic Factors in Mediating the Causal Effect of Type 2 Diabetes on Cardiovascular Diseases: A Two-Step, Two-Sample Multivariable Mendelian Randomization Study",-3,Excluded,"BMI is present but not as the main exposure, it is studied as a mediator. Blood pressure terms are present but studied as mediators, not as main outcomes. Mendelian randomisation is present in both title and abstract. No European ancestry terms are found."
Accelerated MRI-predicted brain ageing and its associations with cardiometabolic and brain disorders,-1,Excluded,"BMI is present but not as a main exposure, Mendelian randomisation is absent, blood pressure terms are present as outcomes, and European ancestry is indicated by 'UK Biobank'."
Association between alcohol and cardiovascular disease: Mendelian randomisation analysis based on individual participant data,-1,Excluded,"BMI/adiposity is present but not as the main exposure, hence -1. Blood pressure terms are present but not as the main outcome, hence -1. Mendelian randomisation and European ancestry are both present, each contributing +1 to the score."
The Association of Obstructive Sleep Apnea With Breast Cancer Incidence and Mortality: A Systematic Review and Meta-analysis,-2,Excluded,BMI/adiposity is present as 'obesity' but not as the main exposure. Mendelian randomisation is present. Blood pressure terms are present as 'hypertension' but not as the main outcome. European ancestry is not mentioned.
Causal associations of tobacco smoking with cardiovascular risk factors: a Mendelian randomization analysis of the HUNT Study in Norway,-1,Excluded,"BMI is present but not as the main exposure, blood pressure terms are present but not as the main outcome, Mendelian randomisation and European ancestry are both present."
"Blood Eosinophil Count and Metabolic, Cardiac and Pulmonary Outcomes: A Mendelian Randomization Study",-1,Excluded,"BMI/adiposity is present but not as the main exposure, hence -1. Mendelian randomisation is present, scoring +1. Blood pressure terms are absent, scoring -2. European ancestry is present, scoring +1."
Risk of lower respiratory tract infections: a genome-wide association study with Mendelian randomization analysis in three independent European populations,2,Excluded,"BMI is studied as a main exposure to blood pressure, which is the main outcome. Mendelian randomisation is present. European ancestry is mentioned, but only in the context of the study population, not as a genetic or risk factor focus."
Associations of genetically predicted IL-6 signaling with cardiovascular disease risk across population subgroups,-1,Excluded,"BMI is present but not as a main exposure, thus -1. Mendelian randomisation is present, thus +1. Blood pressure terms are present but not as a main outcome, thus -1. European ancestry is present, thus +1. Total score calculated as -1."
Genetically predicted higher educational attainment decreases the risk of stroke: a multivariable Mendelian randomization study,-1,Excluded,"BMI is present but not as the main exposure, it is adjusted along with other factors. Blood pressure is mentioned as hypertension but not as the main outcome, it is also adjusted. Mendelian randomisation is present in both the title and abstract. European ancestry is confirmed with the mention of 'European descent'."
Genetically determined intelligence and coronary artery disease risk,-3,Excluded,"BMI is present but not as a main exposure, Mendelian randomization is present, hypertension is mentioned but not as a main outcome, and no European ancestry terms are found."
"Relative Deprivation, Income Inequality, and Cardiovascular Health: Observational and Mendelian Randomization Studies in Hong Kong Chinese",-1,Excluded,"BMI is present but not as a main exposure, Mendelian randomisation is present, blood pressure terms are present as the main outcome, and there is no mention of European ancestry."
Does greater adiposity increase blood pressure and hypertension risk?: Mendelian randomization using the FTO/MC4R genotype,2,Excluded,"BMI/adiposity is studied as the main exposure for blood pressure outcomes. Mendelian randomisation is present and used in the analysis. Blood pressure terms are present and studied as the main outcome. European ancestry is mentioned, but only as a location, not explicitly as European/white/caucasian ancestry."
Genome-wide association and Mendelian randomisation analysis provide insights into the pathogenesis of heart failure,0,Excluded,"BMI is studied as a main exposure for heart failure, Mendelian randomisation is present, hypertension is studied as a main outcome, but there is no mention of European ancestry."
Association between bilirubin and cardiovascular disease risk factors: using Mendelian randomization to assess causal inference,-2,Excluded,"BMI/adiposity is present but not as the main exposure, leading to -1 points. Mendelian randomisation is present, adding 1 point. Blood pressure terms are present but not as the main outcome, resulting in -1 points. European ancestry is absent, deducting 2 points."
Association between adiposity and cardiovascular outcomes: an umbrella review and meta-analysis of observational and Mendelian randomization studies,2,Excluded,"BMI/adiposity is studied as the main exposure for cardiovascular outcomes, including blood pressure as a main outcome. Mendelian randomisation is present and contributes positively. European ancestry is mentioned, but only in the context of the publishing society, not the population studied."
Cognitive ability and physical health: a Mendelian randomization study,-1,Excluded,"BMI is present but not as a main exposure, resulting in -1. Mendelian randomisation is present, scoring +1. Blood pressure terms are present but not as the main outcome, scoring -1. European ancestry is indicated by 'UK Biobank', scoring +1."
Genetic determinants of daytime napping and effects on cardiometabolic health,0,Excluded,"Waist circumference is mentioned as part of the outcomes linked with daytime napping, not as a main exposure. Mendelian randomization is present and used to establish causality. Blood pressure is studied as a main outcome. The UK Biobank indicates European ancestry."
"Avoiding dynastic, assortative mating, and population stratification biases in Mendelian randomization through within-family analyses",2,Excluded,"BMI is studied as a main exposure for blood pressure outcomes. Mendelian randomisation is present in both title and abstract. Blood pressure is studied as a main outcome. European ancestry is mentioned, but the term 'UK Biobank' does not explicitly confirm European ancestry, leading to a deduction."
From the Editor,-6,Excluded,"No terms related to BMI/adiposity, Mendelian randomisation, blood pressure, or European ancestry were mentioned in the title or abstract, leading to negative scores in all categories."
Multiple genetic variants explain measurable variance in type 2 diabetes-related traits in Pakistanis,-1,Excluded,"BMI is present but not as a main exposure, Mendelian randomisation and European ancestry are present, blood pressure terms are present but not as the main outcome."
Genetically Predicted Obesity Causally Increased the Risk of Hypertension Disorders in Pregnancy,2,Excluded,"BMI/adiposity (obesity) is the main exposure studied for its causal effect on hypertension disorders, which are the main outcome. Mendelian randomisation is present and used in the study. European ancestry is indicated by the mention of the FinnGen consortium, which is Finnish, but not explicitly stated as European or white ancestry."
"Adult height, coronary heart disease and stroke: a multi-locus Mendelian randomization meta-analysis",-2,Excluded,"BMI is present but not as a main exposure, Mendelian randomisation is present, blood pressure terms are present but not as the main outcome, and European ancestry is absent."
Correcting the Standard Errors of 2-Stage Residual Inclusion Estimators for Mendelian Randomization Studies,-4,Excluded,"BMI/adiposity is not mentioned, thus not a main exposure. Mendelian randomisation is present in both title and abstract. No blood pressure terms or European ancestry terms are mentioned."
Novel loci for childhood body mass index and shared heritability with adult cardiometabolic traits,-5,Excluded,"BMI is present but not as the main exposure variable, Mendelian randomisation and European ancestry terms are absent, and blood pressure terms are present but not as the main outcome."
Comprehensive Investigation of Circulating Biomarkers and Their Causal Role in Atherosclerosis-Related Risk Factors and Clinical Events,-1,Excluded,"BMI/adiposity is present but not as a main exposure, hence -1. Blood pressure terms are present but not as the main outcome, hence -1. Mendelian randomisation is present, hence +1. European ancestry is indicated by 'UK Biobank', hence +1."
Epigenetic loci for blood pressure are associated with hypertensive target organ damage in older African Americans from the genetic epidemiology network of Arteriopathy (GENOA) study,-1,Excluded,"BMI is present but not as the main exposure, only as an adjustment factor in the analysis. Mendelian randomization is present in the abstract. Blood pressure is the main outcome as indicated in both the title and abstract. No European ancestry or related terms are mentioned."
Mendelian Randomization Study of Obesity and Cerebrovascular Disease,-3,Excluded,"BMI is present but not as the main exposure, only as a covariate. Mendelian randomisation is clearly present in both title and abstract. Blood pressure terms are present but not as the main outcome, only as a mediator. No European ancestry terms are found."
Detecting and correcting for bias in Mendelian randomization analyses using Gene-by-Environment interactions,2,Excluded,"BMI is studied as a main exposure variable for blood pressure outcomes, specifically systolic blood pressure. Mendelian randomisation is present in both the title and abstract. Blood pressure is the main outcome studied. European ancestry is indicated by the mention of the UK Biobank, but it does not explicitly confirm the population is European or Caucasian, hence the negative score for European ancestry."
Comorbidities in gout and hyperuricemia: causality or epiphenomena?,-1,Excluded,"BMI is identified as a main exposure affecting serum urate, thus scoring +1. Mendelian randomization is present in the abstract, scoring +1. Hypertension is mentioned but not as the main outcome, scoring -1. No European ancestry terms are found, scoring -2."
Body mass index and body composition in relation to 14 cardiovascular conditions in UK Biobank: a Mendelian randomization study,2,Excluded,"BMI/adiposity is the main exposure studied for its effects on blood pressure and other cardiovascular conditions. Mendelian randomisation is present and used in the study. Blood pressure is a main outcome, specifically arterial hypertension. European ancestry is indicated by the study population (UK Biobank), but 'UK Biobank' does not explicitly confirm European ancestry, hence the deduction."
Vitamin D and heart failure: A two-sample mendelian randomization study,-3,Excluded,"BMI is present but not as a main exposure, only as a covariate in multivariable MR. Mendelian randomisation is clearly present in both title and abstract. Hypertension is mentioned but not as the main outcome, rather as a covariate. No European ancestry terms are found."
Association of genetically predicted blood sucrose with coronary heart disease and its risk factors in Mendelian randomization,-3,Excluded,"BMI/adiposity is mentioned but not as a main exposure, hence -1. Mendelian randomisation is present in both title and abstract, hence +1. Blood pressure is mentioned but not as the main outcome, hence -1. No European ancestry terms are present, hence -2."
A genetic risk score for fasting plasma glucose is independently associated with arterial stiffness: a Mendelian randomization study,-1,Excluded,"BMI/adiposity is present but not as the main exposure, thus scoring -1. Mendelian randomisation is present, scoring 1. Blood pressure terms are present but not as the main outcome, scoring -1. European ancestry is mentioned (Sweden), scoring 1."
Nonalcoholic fatty liver disease or metabolic dysfunction-associated fatty liver disease diagnoses and cardiovascular diseases: From epidemiology to drug approaches,-1,Excluded,"BMI/adiposity is present but not as the main exposure, hence -1. Mendelian randomisation is present, scoring +1. Blood pressure terms are present but not as the main outcome, scoring -1. European ancestry is present, scoring +1. Total score is calculated as -1."
Alcohol consumption and cognitive impairment in older men: a mendelian randomization study,-2,Excluded,"BMI is present but not as the main exposure, Mendelian randomisation is present, hypertension is mentioned but not as the main outcome, and there is no mention of European ancestry."
Risk factors for type 2 diabetes mellitus: An exposure-wide umbrella review of meta-analyses,-3,Excluded,"Adiposity is mentioned but not as a main exposure, Mendelian randomization is present, high systolic blood pressure is mentioned but not as a main outcome, and no European ancestry terms are found."
"Cardiometabolic, Lifestyle, and Nutritional Factors in Relation to Varicose Veins: A Mendelian Randomization Study",1,Excluded,"BMI is studied as a main exposure for varicose veins, Mendelian randomisation is present in both title and abstract, blood pressure terms are present but not as the main outcome, and European ancestry is indicated by mentions of UK Biobank and FinnGen consortium."
Type 2 diabetes mellitus increases risk of erectile dysfunction independent of obesity and dyslipidemia: A Mendelian randomization study,-1,Excluded,"BMI is present but not as the main exposure, Mendelian randomisation is present, blood pressure terms are present but not as the main outcome, and European ancestry is present."
Influence of puberty timing on adiposity and cardiometabolic traits: A Mendelian randomisation study,2,Excluded,"BMI/adiposity is studied as a main exposure variable. Mendelian randomisation is present and relevant to the study. Blood pressure terms are present and studied as a main outcome. European ancestry is mentioned, but the study explicitly states a lack of inference to non-white-European populations, which impacts the relevance score negatively."
Excessive alcohol consumption increases mortality in later life: a genetic analysis of the health in men cohort study,-3,Excluded,BMI is present but not as a main exposure. No evidence of Mendelian randomisation or European ancestry. Blood pressure is mentioned but not as the main outcome.
Deciphering the Plasma Proteome of Type 2 Diabetes,-1,Excluded,"BMI is mentioned but not as the main exposure, it is adjusted for in logistic regression models. Blood pressure is mentioned as hypertension but not as the main outcome. Mendelian randomization is present and discussed in the context of causal effects. European ancestry is indicated by the mention of the KORA and HUNT3 cohorts."
New strategies for the development of lipid-lowering therapies to reduce cardiovascular risk,-1,Excluded,"BMI/adiposity terms are absent, thus scoring -2. Mendelian randomisation is present, scoring +1. Blood pressure terms are present but not as the main outcome, scoring -1. European ancestry is mentioned, scoring +1."
Genetically modulated educational attainment and coronary disease risk,-1,Excluded,"BMI is present but not as the main exposure, it is adjusted for in the model. Blood pressure is present but not as the main outcome. Mendelian randomisation and European ancestry are both present."
Cardiometabolic risks of SARS-CoV-2 hospitalization using Mendelian Randomization,-1,Excluded,"BMI is present but not as the main exposure, hence -1. Blood pressure terms are present but not as the main outcome, hence -1. Mendelian randomisation is present, scoring +1. European ancestry is mentioned, scoring +1."
Causal association between adiposity and cardiovascular disease,-3,Excluded,"Adiposity is present in the title and is the main exposure variable for the study. Mendelian randomisation, blood pressure terms, and European ancestry are not mentioned in the title or abstract."
Mendelian randomization provides support for obesity as a risk factor for meningioma,-1,Excluded,"BMI/adiposity is present and studied as a main exposure to meningioma risk, earning +1 point. Mendelian randomisation is present in both title and abstract, earning +1 point. Blood pressure terms are present but not as the main outcome, resulting in -1 point. No European ancestry terms are found, resulting in -2 points."
Semiparametric methods for estimation of a nonlinear exposure-outcome relationship using instrumental variables with application to Mendelian randomization,0,Excluded,"BMI is studied as the main exposure variable for blood pressure outcomes, which are the main outcomes. Mendelian randomization is present in both title and abstract. No European ancestry terms are found."
Midlife vascular risk factors and risk of incident dementia: Longitudinal cohort and Mendelian randomization analyses in the UK Biobank,0,Excluded,"BMI/adiposity is present but not as the main exposure, thus -1. Mendelian randomisation is present, thus +1. Blood pressure terms are present and studied as the main outcome, thus +1. European ancestry is indicated by 'UK Biobank', thus +1."
Contribution of genetics to visceral adiposity and its relation to cardiovascular and metabolic disease,2,Excluded,"BMI/adiposity is studied as a main exposure for cardiovascular and metabolic diseases. Mendelian randomisation is present and used to establish causality. Blood pressure term 'hypertension' is present and studied as an outcome. European ancestry is mentioned, but only in a specific subgroup (Caucasian females), not broadly across the study population."
Causal inference for heritable phenotypic risk factors using heterogeneous genetic instruments,-1,Excluded,"BMI is studied as a main exposure, Mendelian randomisation is present, blood pressure terms are present but not as the main outcome, and there is no mention of European ancestry."
"Urinary Albumin, Sodium, and Potassium and Cardiovascular Outcomes in the UK Biobank: Observational and Mendelian Randomization Analyses",0,Excluded,"BMI/adiposity is present but not as the main exposure, hence -1. Mendelian randomisation is clearly present, scoring +1. Blood pressure is studied as the main outcome, scoring +1. The study involves the UK Biobank, indicating European ancestry, scoring +1."
Associations between Potentially Modifiable Risk Factors and Alzheimer Disease: A Mendelian Randomization Study,-1,Excluded,"BMI is present but not as a main exposure, Mendelian randomisation is present, blood pressure terms are present and studied as the main outcome, and there is no mention of European ancestry."
Duration of obesity exposure between ages 10 and 40 years and its relationship with cardiometabolic disease risk factors: A cohort study,0,Excluded,BMI is studied as a main exposure to cardiometabolic disease risk factors. Mendelian randomisation is mentioned as a method for further validation. Blood pressure terms are present but not as the main outcome. European ancestry is specified as 'white British'.
Assessment of causality between modifiable factors and heart failure: A Mendelian randomization analysis,-1,Excluded,"Adiposity is mentioned but not as a main exposure, Mendelian randomisation is present, systolic blood pressure is studied as a main outcome, and no European ancestry terms are mentioned."
The causal effect of vitamin D binding protein (DBP) levels on calcemic and cardiometabolic diseases: a Mendelian randomization study,-1,Excluded,"BMI/adiposity is present but not as the main exposure, resulting in -1 points. Mendelian randomisation is present, adding 1 point. Blood pressure terms are present and studied as the main outcome, adding 1 point. European ancestry is absent, resulting in -2 points."
Mendelian randomization studies in coronary artery disease,-1,Excluded,"BMI/adiposity is mentioned as 'obesity' but not as a main exposure. Blood pressure is mentioned as 'hypertension' but not as the main outcome. Mendelian randomisation is present in both title and abstract. European ancestry is mentioned, referring to the European Society of Cardiology."
Diabetes and branched-chain amino acids: What is the link?,-1,Excluded,"BMI/adiposity is present but not as the main exposure, leading to a -1 score. Mendelian randomisation is present, adding 1 point. Blood pressure terms are present but not as the main outcome, resulting in -1 point. European ancestry is mentioned, adding 1 point."
Feasibility of a Risk-Based Approach to Cataract Surgery Preoperative Medical Evaluation,-6,Excluded,"No terms related to BMI/adiposity, Mendelian randomisation, blood pressure, or European ancestry were found in the title or abstract. BMI/adiposity is not mentioned, thus not a main exposure. Blood pressure is not mentioned as an outcome. No relevant terms for Mendelian randomisation or European ancestry are present."
The causal effects of health conditions and risk factors on social and socioeconomic outcomes: Mendelian randomization in UK Biobank,0,Excluded,BMI is studied as a main exposure affecting socioeconomic outcomes. Mendelian randomization is present in both title and abstract. Blood pressure is present but not as the main outcome. European ancestry is specified as White British.
