title,Reason.justify
The causal role of elevated uric acid and waist circumference on the risk of metabolic syndrome components,"waist circumference, Mendelian randomization, systolic blood pressure, diastolic blood pressure, mean arterial pressure"
Exploring the Relationship Between Schizophrenia and Cardiovascular Disease: A Genetic Correlation and Multivariable Mendelian Randomization Study,"BMI as main exposure, Mendelian Randomization as main method, systolic and diastolic blood pressure not main outcome, no European ancestry or review terms."
Causal effect of alcohol use on the risk of end-stage kidney disease and related comorbidities: a Mendelian randomization study,"Mendelian randomization, white British ancestry, obesity, central obesity, hypertension"
Human genetic determinants of the gut microbiome and their associations with health and disease: a phenome-wide association study,"BMI, Mendelian randomization, hypertension, UK Biobank present in abstract. No review terms found."
The effect of elevated body mass index on ischemic heart disease risk: causal estimates from a Mendelian randomisation approach,"Terms present: elevated body mass index, BMI, Adiposity, Mendelian randomisation, Copenhagen. Terms missing: blood pressure terms, review terms."
A Novel Method for Mendelian Randomization Analyses With Pleiotropy and Linkage Disequilibrium in Genetic Variants From Individual Data,"Terms found: body mass index, Mendelian Randomization, Mendelian randomization, systolic blood pressure. Missing terms: European ancestry terms, review terms."
Obesity and peripheral arterial disease: A Mendelian Randomization analysis,"BMI and adiposity terms 'obesity', 'body mass index (BMI)' are present and main exposure. Mendelian randomisation terms 'Mendelian Randomization', 'Mendelian Randomization (MR)' are present and main method. No blood pressure terms as main outcome. No European ancestry or country terms found. No review terms found."
Association of Body Mass Index With Cardiometabolic Disease in the UK Biobank: A Mendelian Randomization Study,"All terms are present as required: Body Mass Index, BMI, Mendelian Randomization, hypertension, systolic blood pressure, diastolic blood pressure, UK Biobank, United Kingdom. No review terms found."
"The Role of Obesity, Type 2 Diabetes, and Metabolic Factors in Pancreatic Cancer: A Mendelian Randomization Study","BMI as main exposure, Mendelian randomisation as main method, hypertension present but not main outcome, no European ancestry terms, no review terms."
Understanding Factors That Cause Tinnitus: A Mendelian Randomization Study in the UK Biobank,"high BMI, Mendelian Randomization, higher blood pressure, higher systolic blood pressure, European descent"
Genetic analysis of obstructive sleep apnoea discovers a strong association with cardiometabolic health,"Terms found: body mass index (BMI), Mendelian randomisation, hypertension, FinnGen. Missing terms: specific review terms."
"Association of lactase persistence genotype with milk consumption, obesity and blood pressure: a Mendelian randomization study in the 1982 Pelotas (Brazil) Birth Cohort, with a systematic review and meta-analysis","Terms found: obesity, body mass index (BMI), Mendelian randomization, blood pressure, BP, systematic review. Terms missing: European ancestry terms."
Metabolic and lifestyle factors in relation to senile cataract: a Mendelian randomization study,"BMI, Mendelian randomization, systolic blood pressure (SBP), FinnGen consortium, UK Biobank study present. No review terms found."
Association of Serum Uric Acid with Metabolic Syndrome and Its Components: A Mendelian Randomization Analysis,"Mendelian Randomization in title and abstract; hypertension in abstract; No BMI/adiposity, European ancestry, or review terms found."
Impact of comorbidities on gout and hyperuricaemia: an update on prevalence and treatment options,"Obesity mentioned but not as main exposure, Mendelian randomisation mentioned but not as main method, hypertension mentioned but not as main outcome, no European ancestry or review terms found."
Can increasing years of schooling reduce type 2 diabetes (T2D)?: Evidence from a Mendelian randomization of T2D and 10 of its risk factors,"Mendelian randomization present in title and abstract, being overweight and higher blood pressure found in abstract, no European ancestry or review terms found."
"Genetic Association of Waist-to-Hip Ratio With Cardiometabolic Traits, Type 2 Diabetes, and Coronary Heart Disease","The terms 'body mass index (BMI)', 'mendelian randomization', 'blood pressure', and 'UK Biobank' are present in the abstract. No review terms found."
Evidence of a causal relationship between high serum adiponectin levels and increased cardiovascular mortality rate in patients with type 2 diabetes,"BMI, Mendelian randomization, hypertension present in abstract. No European ancestry or review terms found."
Association of cardiovascular risk factors and lifestyle behaviors with aortic aneurysm: A Mendelian randomization study,"All terms present: body mass index (BMI), Mendelian randomization, Mendelian randomisation, hypertension, European ancestry. Missing terms: European country names, review terms."
Risk factors mediating the effect of body mass index and waist-to-hip ratio on cardiovascular outcomes: Mendelian randomization analysis,"All terms 'body mass index', 'BMI', 'Mendelian randomization', 'systolic blood pressure', and 'European ancestry' are present in the title and abstract. No review terms found."
Type 2 Diabetes Is Causally Associated With Reduced Serum Osteocalcin: A Genomewide Association and Mendelian Randomization Study,"BMI as main exposure, Mendelian Randomization as main method, diastolic blood pressure not main outcome, no European ancestry terms, no review terms."
Alcohol consumption and electrocardiographic left ventricular hypertrophy and mediation by elevated blood pressure in older Chinese men: the Guangzhou Biobank Cohort Study,"The document contains 'body mass index' but it is not the main exposure, 'blood pressure' terms are present but not the main outcome, and there are no mentions of Mendelian randomisation, European ancestry, or review types."
"Genetically, Dietary Sodium Intake Is Causally Associated with Salt-Sensitive Hypertension Risk in a Community-Based Cohort Study: a Mendelian Randomization Approach","BMI mentioned as a confounder, not main exposure. Mendelian randomisation is the main method used. Blood pressure terms are the main outcome. No European ancestry terms found. No review terms found."
Causal association of body mass index with hypertension using a Mendelian randomization design,"All terms related to BMI/adiposity, Mendelian randomisation, and blood pressure are present in both the title and abstract. No European ancestry or review terms found."
Using genetics to detangle the relationships between red cell distribution width and cardiovascular diseases: a unique role for body mass index,"Terms found: body mass index (BMI), Mendelian randomisation, systolic blood pressure, diastolic blood pressure. Terms missing: European ancestry terms, review terms."
Causal associations of body mass index and waist-to-hip ratio with cardiometabolic traits among Chinese children: A Mendelian randomization study,"All terms are present in the title and abstract except for review terms. BMI and Mendelian randomization are main exposure and method, respectively. Blood pressure is the main outcome, and European ancestry is confirmed."
Phenome-wide investigation of the causal associations between childhood BMI and adult trait outcomes: a two-sample Mendelian randomization study,"The terms 'childhood body mass index (BMI)', 'childhood BMI', and 'adult BMI' are present but not as main exposure; 'Mendelian randomization' is used as the main method; 'essential hypertension' is mentioned but not as the main outcome; 'UK Biobank' indicates European ancestry; no review terms found."
Genetic Evidence for Different Adiposity Phenotypes and Their Opposing Influences on Ectopic Fat and Risk of Cardiometabolic Disease,"adiposity, Mendelian randomization, hypertension, UK Biobank"
Modifiable Risk Factors for Intracranial Aneurysm and Aneurysmal Subarachnoid Hemorrhage: A Mendelian Randomization Study,"Terms found: higher body mass index, Mendelian randomization, higher blood pressure, diastolic blood pressure. Terms missing: European ancestry terms, review terms."
The influence of obesity-related factors in the etiology of renal cell carcinoma-A mendelian randomization study,"The terms 'higher body mass index', 'waist-to-hip ratio', 'body fat percentage', 'mendelian randomization', and 'diastolic blood pressure' are present in the abstract. No European ancestry terms or review terms found."
The association between mitochondrial DNA abundance and stroke: A combination of multivariable-adjusted survival and Mendelian randomization analyses,"BMI, Mendelian Randomization, MR, hypertension, European-ancestry are present. No review terms found."
Polygenic risk score identifies associations between sleep duration and diseases determined from an electronic medical record biobank,"obesity, Mendelian randomization, hypertension"
Interaction-based Mendelian randomization with measured and unmeasured gene-by-covariate interactions,"All terms are present in the abstract except for review terms, which are missing."
BMI Is Causally Associated With Pulmonary Artery Pressure But Not Hemodynamic Evidence of Pulmonary Vascular Remodeling,"BMI, Mendelian randomization, pulmonary artery pressure, systolic pulmonary artery pressure present. No European ancestry or review terms found."
Contribution of metabolic risk factors and lifestyle behaviors to cardiovascular disease: A mendelian randomization study,"All terms present: body mass index, Mendelian randomization, Mendelian randomization (MR), blood pressure, hypertension, systolic BP, diastolic BP, systematic MR study. Missing terms: European ancestry terms."
Exploring causal associations between alcohol and coronary heart disease risk factors: findings from a Mendelian randomization study in the Copenhagen General Population Study,"Terms found: body mass index (BMI), Mendelian randomization, blood pressure (BP), Copenhagen. Terms missing: review terms."
A multi-omics study of circulating phospholipid markers of blood pressure,"The abstract mentions 'body mass index' but not as a main exposure, 'Mendelian Randomization' but not as the main method, multiple blood pressure terms with blood pressure as the main outcome, and 'European' confirming European ancestry. No review terms found."
"Birthweight, Type 2 Diabetes Mellitus, and Cardiovascular Disease: Addressing the Barker Hypothesis With Mendelian Randomization","adult body mass index, body fat, Mendelian randomization, systolic and diastolic blood pressure, UK Biobank, no review terms"
Causal Effect of Adiposity Measures on Blood Pressure Traits in 2 Urban Swedish Cohorts: A Mendelian Randomization Study,"All terms are present in the title and abstract except for review terms. Adiposity measures and Mendelian Randomization are the main exposure and method, respectively, and blood pressure traits are the main outcome. Swedish cohorts indicate European ancestry."
High-Density Lipoprotein 3 Cholesterol and Primary Open-Angle Glaucoma: Metabolomics and Mendelian Randomization Analyses,"BMI mentioned as a covariate, not main exposure; Mendelian randomization used as main method; systolic blood pressure mentioned but not as main outcome; no European ancestry or review terms found."
The role of adiposity in cardiometabolic traits: a Mendelian randomization analysis,All terms are present in the title and abstract except for review terms.
Obesity increases the risk of cardiovascular disease,"Obesity found in title and abstract, Mendelian randomization found in abstract. No specific blood pressure, European ancestry, or review terms present."
Systematic evaluation of the association between hemoglobin levels and metabolic profile implicates beneficial effects of hypoxia,"lower body mass index, Mendelian randomization, blood pressure, Systematic evaluation"
Lifestyle and metabolic factors for nonalcoholic fatty liver disease: Mendelian randomization study,"BMI as main exposure, Mendelian randomisation as main method, systolic blood pressure not main outcome, no European ancestry or review terms."
A phenome-wide bidirectional Mendelian randomization analysis of atrial fibrillation,BMI and systolic blood pressure terms are present in the abstract. Mendelian randomization is mentioned in both the title and abstract. No European ancestry or review terms found.
Causal effects of cardiovascular risk factors on onset of major age-related diseases: A time-to-event Mendelian randomization study,"BMI, Mendelian randomization, systolic blood pressure (SBP) are present in the abstract. No European ancestry or review terms found."
Revisiting the Alcohol Consumption Association With Age-Related Macular Degeneration: What Should We Tell Patients in 2021?,"No terms related to BMI/adiposity, Mendelian randomisation, blood pressure, European ancestry, or reviews are present in the title or abstract."
"Robust Mendelian randomization in the presence of residual population stratification, batch effects and horizontal pleiotropy","Mendelian randomization, Mendelian Randomization, body mass index, diastolic blood pressure present in the abstract. No European ancestry or country terms found. No review terms found."
Negative Effects of Age at Menarche on Risk of Cardiometabolic Diseases in Adulthood: A Mendelian Randomization Study,"BMI/adiposity terms present but not as main exposure, Mendelian randomisation is the main method, blood pressure present but not as main outcome, no European ancestry or review terms found."
"Genetically driven adiposity traits increase the risk of coronary artery disease independent of blood pressure, dyslipidaemia, glycaemic traits","Adiposity, body mass index (BMI), waist-hip ratio (WHR), WHR adjusted for BMI (WHRadjBMI), Mendelian randomization, blood pressure. No European ancestry or review terms found."
A data-driven approach for studying the role of body mass in multiple diseases: a phenome-wide registry-based case-control study in the UK Biobank,"All terms are present in the abstract except for review terms, which are missing."
Genetic studies of abdominal MRI data identify genes regulating hepcidin as major determinants of liver iron concentration,"central obesity, Mendelian randomisation, high blood pressure, UK Biobank, no review terms"
"Coffee intake and risk of obesity, metabolic syndrome and type 2 diabetes: a Mendelian randomization study","Mendelian randomization, body mass index, systolic/diastolic blood pressure"
Identifying shared genetic loci between coronavirus disease 2019 and cardiovascular diseases based on cross-trait meta-analysis,"The abstract mentions 'obesity' but not as a main exposure, 'Mendelian randomization' as the main method, 'hypertension' but not as the main outcome. No terms related to European ancestry or review types were found."
Association of plasma uric acid with ischaemic heart disease and blood pressure: mendelian randomisation analysis of two large cohorts,"All terms are present except for review terms. BMI is studied as a main exposure, Mendelian randomisation is the main method, blood pressure is the main outcome, and the study is based in Denmark indicating European ancestry."
Association of vitamin D status with arterial blood pressure and hypertension risk: a mendelian randomisation study,"Mendelian randomisation, arterial blood pressure, hypertension risk, blood pressure, hypertension, systolic blood pressure, diastolic blood pressure present. BMI/adiposity, European ancestry, review terms missing."
"Nonfasting glucose, ischemic heart disease, and myocardial infarction: a Mendelian randomization study","Mendelian randomization present in title and abstract, Copenhagen, Denmark indicates European ancestry, no terms related to BMI/adiposity, blood pressure, or reviews found."
Genetically elevated levels of circulating triglycerides and brachial-ankle pulse wave velocity in a Chinese population,"BMI mentioned as a covariate, Mendelian randomization used as main method, systolic blood pressure mentioned as a covariate, no European ancestry or review terms found."
"Causal Inference for Genetic Obesity, Cardiometabolic Profile and COVID-19 Susceptibility: A Mendelian Randomization Study","BMI and Mendelian Randomization are present in both title and abstract, systolic blood pressure is mentioned in the abstract but not as a main outcome, European ancestry is confirmed with the term 'European' in the abstract, no review terms found."
Epigenome-wide association study identifies DNA methylation sites associated with target organ damage in older African Americans,"The abstract mentions 'body mass index', 'Mendelian randomization', and 'blood pressure'. No European ancestry terms or review terms found."
"Trans-biobank analysis with 676,000 individuals elucidates the association of polygenic risk scores of complex traits with human lifespan","BMI and obesity PRS, Mendelian randomization, systolic blood pressure PRS, European; No review terms found."
Age- and sex-specific causal effects of adiposity on cardiovascular risk factors,"adiposity, BMI, Mendelian randomization, blood pressure"
"Letter by Gill Regarding Article, ""White Blood Cells and Blood Pressure: A Mendelian Randomization Study""","Mendelian Randomization and Blood Pressure are present in the title. No terms related to BMI/adiposity, European ancestry, or review types found."
"Relationship between alcohol use, blood pressure and hypertension: an association study and a Mendelian randomisation study","Mendelian randomisation, blood pressure, hypertension, systolic blood pressure, diastolic blood pressure present in title and abstract. BMI/adiposity, European ancestry, and review terms are missing."
Mendelian randomization estimates of alanine aminotransferase with cardiovascular disease: Guangzhou Biobank Cohort study,"Mendelian randomization present in title and abstract, body mass index and systolic and diastolic blood pressure present in abstract, no European ancestry or review terms found."
Impact of risk factors for major cardiovascular diseases: a comparison of life-time observational and Mendelian randomisation findings,"Mendelian randomisation, Body mass index, systolic blood pressure, Uppsala Longitudinal Study of Adult Men"
"Variation in Normal Range Thyroid Function Affects Serum Cholesterol Levels, Blood Pressure, and Type 2 Diabetes Risk: A Mendelian Randomization Study","BMI mentioned as 'body mass index [BMI]' in abstract but not as main exposure. Mendelian randomisation mentioned as 'Mendelian Randomization' in title and 'Mendelian randomization (MR)' in abstract, used as main method. Blood pressure mentioned as 'Blood Pressure' in title and abstract, studied as main outcome. No European ancestry or review terms found."
Identification of Circulating Proteins Associated With Blood Pressure Using Mendelian Randomization,"BMI (body mass index) mentioned as an outcome, not exposure; Mendelian Randomization (MR) used as main method; Blood pressure terms (blood pressure, systolic blood pressure, diastolic blood pressure, pulse pressure) as main outcome; UK Biobank indicates European ancestry; No review terms found."
"A UGT1A1 variant is associated with serum total bilirubin levels, which are causal for hypertension in African-ancestry individuals",BMI mentioned as 'body mass index' in abstract but not as main exposure; Mendelian randomization mentioned in abstract and is main method; Hypertension mentioned in both title and abstract and is main outcome; No European ancestry or country terms found; No review terms found.
"The relationships of sex hormone-binding globulin, total testosterone, androstenedione and free testosterone with metabolic and reproductive features of polycystic ovary syndrome","BMI, Mendelian randomization, systolic and diastolic blood pressure present in abstract. No European ancestry or review terms found."
Serum uric acid levels and cardiovascular disease: the Gordian knot,"Mendelian randomization present in abstract, hypertension present in abstract but not as main outcome, no BMI/adiposity terms, no European ancestry or country terms, no review terms."
Causal effects of body mass index on cardiometabolic traits and events: a Mendelian randomization analysis,"All terms present: body mass index, BMI, Mendelian randomization, systolic blood pressure, European-descent. No review terms found."
Uric Acid and Cardiovascular Events: A Mendelian Randomization Study,"Obesity found in abstract but not as main exposure, Mendelian Randomization found in both title and abstract as main method, hypertension found in abstract but not as main outcome, no European ancestry or review terms found."
Association of Cardiovascular Risk Factors and Lifestyle Behaviors With Hypertension: A Mendelian Randomization Study,"All terms except review terms are present in the title and abstract. The terms 'body mass index', 'Mendelian Randomization', 'Hypertension', and 'European-descent', 'European cohorts' are explicitly mentioned. Review terms are missing."
Mendelian randomisation in type 2 diabetes and coronary artery disease,"The terms 'body mass index', 'Mendelian randomisation', 'MR', and 'hypertension' are present in the title and abstract. No European ancestry or country terms and no review terms found."
Mendelian randomization study of B-type natriuretic peptide and type 2 diabetes: evidence of causal association from population studies,"Mendelian randomization, body mass index, systolic blood pressure, history of hypertension"
Insulin Response to Oral Glucose and Cardiometabolic Disease: A Mendelian Randomization Study to Assess Potential Causality,"BMI, Mendelian Randomization, Mendelian randomization (MR), hypertension (HTN), people of European descent"
On the Use of the Lasso for Instrumental Variables Estimation with Some Invalid Instruments,"The abstract mentions 'body mass index (BMI)', 'Mendelian randomization', 'diastolic blood pressure', and 'UK Biobank'. No review terms found."
Conventional and Bidirectional Genetic Evidence on Resting Heart Rate and Cardiometabolic Traits,"Terms present: body mass index, Mendelian randomization, systolic blood pressure, diastolic blood pressure, UK Biobank. Terms missing: review terms."
Causal relationships between obesity and the leading causes of death in women and men,"The abstract contains 'body mass index (BMI)', 'Mendelian randomization', 'blood pressure traits', and 'UK Biobank'. No review terms found."
C-reactive protein and its role in metabolic syndrome: mendelian randomisation study,"BMI, mendelian randomisation, systolic blood pressure, British present in the abstract; mendelian randomisation also in the title; no review terms found."
Common quantitative trait locus downstream of RETN gene identified by genome-wide association study is associated with risk of type 2 diabetes mellitus in Han Chinese: a Mendelian randomization effect,"Mendelian randomization present in title and abstract, hypertensive in abstract, no BMI/adiposity terms, no European ancestry terms, no review terms."
Effect of Systolic Blood Pressure on Left Ventricular Structure and Function: A Mendelian Randomization Study,"BMI mentioned as exclusion criteria, not as main exposure; Mendelian randomization used as main method; SBP studied as main outcome; UK Biobank indicates European ancestry; no review terms found."
"Searching for the causal effects of body mass index in over 300 000 participants in UK Biobank, using Mendelian randomization",All terms related to BMI and Mendelian randomisation are present in both the title and abstract. Hypertension is mentioned in the abstract but not as the main outcome. UK Biobank indicates European ancestry. No review terms found.
Phenome-wide Mendelian-randomization study of genetically determined vitamin D on multiple health outcomes using the UK Biobank study,"All terms are present in the title and abstract: body mass index, Mendelian-randomization, Mendelian Randomization, systolic blood pressure, diastolic blood pressure, risk of hypertension, White British, systematic literature review, umbrella reviews."
Association of serum HDL-cholesterol and apolipoprotein A1 levels with risk of severe SARS-CoV-2 infection,"Obesity, hypertension, Mendelian randomization are present in the abstract. No European ancestry or review terms found."
Excess comorbidities in gout: the causal paradigm and pleiotropic approaches to care,"adiposity, Mendelian randomization, hypertension, No European ancestry or country terms found, No review terms found"
Genetic Evidence for Causal Relationships Between Maternal Obesity-Related Traits and Birth Weight,"Terms found: maternal body mass index (BMI), maternal BMI, Mendelian randomization, systolic blood pressure (SBP), European ancestry. Missing terms: review terms."
Understanding the consequences of education inequality on cardiovascular disease: mendelian randomisation study,"The terms 'mendelian randomisation', 'body mass index (BMI)', 'systolic blood pressure', and 'European ancestry' are present in the title and abstract. No review terms found."
"Associations of Visceral Adipose Tissue, Circulating Protein Biomarkers, and Risk of Cardiovascular Diseases: A Mendelian Randomization Analysis","Visceral Adipose Tissue, Mendelian Randomization, Mendelian randomization"
Evaluation of the causal effects between subjective wellbeing and cardiometabolic health: mendelian randomisation study,"All terms are present in the abstract except for review terms, which are missing."
Mendelian randomization in family data,"Mendelian randomization, body mass index, systolic blood pressure present; no European ancestry or review terms found."
Plasma Circulating Vitamin C Levels and Risk of Endometrial Cancer: A Bi-Directional Mendelian Randomization Analysis,"The terms 'Mendelian Randomization' and 'Mendelian randomization' are present in both the title and abstract, indicating it as the main method. 'body mass index (BMI)' is mentioned in the abstract but not as the main exposure. 'hypertension' is mentioned in the abstract but not as the main outcome. No European ancestry or review terms found."
Distinct causal effects of body fat distribution on cardiometabolic traits among children: Findings from the BCAMS study,BMI and adiposity terms are present and studied as main exposures; Mendelian randomisation is present and the main method; Blood pressure terms are present and the main outcome; No European ancestry or review terms found.
"Remnant cholesterol, low-density lipoprotein cholesterol, and blood pressure as mediators from obesity to ischemic heart disease",All terms required were found in the abstract except for review terms which are not present.
Exploring the causal pathway from ischemic stroke to atrial fibrillation: a network Mendelian randomization study,"Mendelian randomization, body mass index, systolic and diastolic blood pressure, white"
Lifetime body mass index and later atherosclerosis risk in young adults: examining causal links using Mendelian randomization in the Cardiovascular Risk in Young Finns study,"Terms present: lifetime body mass index, BMI, Mendelian randomization, lifetime systolic blood pressure, Finns. Terms missing: European ancestry terms in abstract, review terms."
Disease consequences of higher adiposity uncoupled from its adverse metabolic effects using Mendelian randomisation,The terms 'higher adiposity' and 'Mendelian randomisation' are present in both the title and abstract. The term 'hypertension' is found in the abstract. No European ancestry or review terms are mentioned.
"Vitamin D, Cardiovascular Disease and Risk Factors",BMI/adiposity terms present: obesity; not main exposure. Mendelian randomisation present: Mendelian randomization; main method. Blood pressure terms present: hypertension; not main outcome. No European ancestry or country terms found. No review terms found.
Effects of the Timing of Sex-Steroid Exposure in Adolescence on Adult Health Outcomes,"Mendelian randomization, body mass index, blood pressure are present in the abstract. No European ancestry or review terms found."
Lipid and metabolic syndrome traits in coronary artery disease: a Mendelian randomization study,"BMI, Mendelian randomization, MR, systolic blood pressure present in the abstract. No European ancestry or country terms found. No review terms found."
"Association of Smoking, Alcohol Consumption, Blood Pressure, Body Mass Index, and Glycemic Risk Factors With Age-Related Macular Degeneration: A Mendelian Randomization Study","Body Mass Index, Mendelian Randomization, blood pressure, systolic and diastolic blood pressure"
Relation of age-related cataract with obesity and obesity genes in an Asian population,"Terms present: body mass index, mendelian randomization, hypertension. Terms missing: European ancestry terms, review terms."
Genetically predicted testosterone and cardiovascular risk factors in men: a Mendelian randomization analysis in the Guangzhou Biobank Cohort Study,"Mendelian randomization present in title and abstract, body mass index mentioned in abstract but not as main exposure, systolic and diastolic blood pressure mentioned in abstract but not as main outcome, no European ancestry or review terms found."
Robust inference of bi-directional causal relationships in presence of correlated pleiotropy with GWAS summary data,"The abstract mentions 'body mass index' as a bi-directional causal relationship with T2D, 'reciprocal Mendelian randomization' as a method, and 'diastolic blood pressure' in relation to stroke. No European ancestry terms or review terms are found."
Cardiometabolic traits mediating the effect of education on osteoarthritis risk: a Mendelian randomization study,"BMI as main exposure, Mendelian randomization as main method, systolic blood pressure not main outcome, UK Biobank indicates European ancestry, no review terms."
"Birth weight, childhood obesity and risk of hypertension: a Mendelian randomization study","Mendelian randomization, essential hypertension, childhood body mass index, UK Biobank. No review terms found."
Shared genetic components between metabolic syndrome and schizophrenia: Genetic correlation using multipopulation data sets,"The abstract mentions 'body mass index', 'mendelian randomization', 'systolic blood pressure', and 'European' directly. No review terms were found."
Factorial Mendelian randomization: using genetic variants to assess interactions,"The terms 'Factorial Mendelian randomization', 'factorial Mendelian randomization', 'body mass index', 'systolic blood pressure', and 'UK Biobank' are present. Missing terms include specific review types."
Is aldehyde dehydrogenase 2 a credible genetic instrument for alcohol use in Mendelian randomization analysis in Southern Chinese men?,"Mendelian randomization present in title and abstract, body mass index and diastolic blood pressure present in abstract, no European ancestry or review terms found."
"The role of obesity, type 2 diabetes, and metabolic factors in gout: A Mendelian randomization study","All terms present in the title and abstract: obesity, obesity measured by body mass index (BMI), Mendelian randomization, Mendelian randomization (MR), systolic blood pressure (SBP), hypertension, mainly European ancestry. No review terms found."
Does high C-reactive protein concentration increase atherosclerosis? The Whitehall II Study,"Mendelian randomization analysis present in abstract, no BMI/adiposity terms, no blood pressure terms, European ancestry indicated by 'The Whitehall II Study', no review terms."
Obesity and ischemic heart disease: defining the link,"Obesity is present in the title but not as main exposure; no Mendelian randomisation, blood pressure terms, European ancestry terms, or review terms found."
Lack of association between modifiable exposures and glioma risk: a Mendelian randomization analysis,"BMI as 'body mass index' is present and is the main exposure. Mendelian randomisation is present in both title and abstract as 'Mendelian randomization' and 'Mendelian randomization (MR)', and is the main method. Blood pressure terms 'diastolic and systolic blood pressure' are present but not the main outcome. No European ancestry or review terms found."
A two-sample Mendelian randomization analysis of modifiable risk factors and intracranial aneurysms,"Body fat percentage, Mendelian randomization, two-sample Mendelian randomization, systolic blood pressure, hypertension are present. No European ancestry or country terms found. No review terms found."
Alcohol use and cardiometabolic risk in the UK Biobank: A Mendelian randomization study,"BMI, Mendelian randomization, Mendelian randomisation, systolic blood pressure, UK Biobank"
Assessment of the Causal Effects of Obstructive Sleep Apnea on Atrial Fibrillation: A Mendelian Randomization Study,"BMI mentioned as covariate, not main exposure; Mendelian Randomization used as main method; hypertension mentioned, not main outcome; Finnish ancestry identified; no review terms found."
Validation of external and internal exposome of the findings associated to cerebral small vessel disease: A Mendelian randomization study,"Adiposity, Mendelian randomization, mendelian randomization, hypertension, No European ancestry or country terms found, No review terms found"
"Causal Factors for Knee, Hip, and Hand Osteoarthritis: A Mendelian Randomization Study in the UK Biobank","BMI as main exposure, Mendelian randomisation as main method, systolic blood pressure as main outcome, UK Biobank indicating European ancestry, no review terms found."
Associations of Circulating Protein Levels With Lipid Fractions in the General Population,"Terms found: body mass index, Mendelian randomization, systolic blood pressure, European. Missing terms: review terms."
Exploring the relationship between maternal iron status and offspring's blood pressure and adiposity: a Mendelian randomization study,"Mendelian randomization, body mass index (BMI), blood pressure, BP, diastolic BP, UK. Missing terms: systematic review, umbrella review, scoping review."
Genetically predicted 17beta-estradiol and cardiovascular risk factors in women: a Mendelian randomization analysis using young women in Hong Kong and older women in the Guangzhou Biobank Cohort Study,"The terms 'body mass index', 'Mendelian randomization', and 'systolic and diastolic blood pressure' are present in the abstract. No European ancestry or country terms found. No review terms found."
Investigating the causal effect of fibroblast growth factor 23 on osteoporosis and cardiometabolic disorders: A Mendelian randomization study,"Mendelian randomization, body mass index, systolic and diastolic blood pressure are present in the abstract. No European ancestry or country terms found. No review terms found."
"Molecular sources of residual cardiovascular risk, clinical signals, and innovative solutions: relationship with subclinical disease, undertreatment, and poor adherence: implications of new evidence upon optimizing cardiovascular patient outcomes","Body weight found in abstract, not main exposure; Mendelian randomization found in abstract, not main method; Hypertension found in abstract, not main outcome; No European ancestry or country terms found; No review terms found."
Cardiometabolic Polygenic Risk Scores and Osteoarthritis Outcomes: A Mendelian Randomization Study Using Data From the Malmo Diet and Cancer Study and the UK Biobank,"BMI as main exposure, Mendelian randomization as main method, systolic BP not main outcome, European ancestry terms (Malmo, UK), no review terms."
Association of cannabis use disorder with cardiovascular diseases: A two-sample Mendelian randomization study,"Mendelian randomization, Mendelian randomisation, body mass index, hypertension"
Timing of Pubertal Development and Midlife Blood Pressure in Men and Women: A Mendelian Randomization Study,"BMI as exposure not main, MR as main method, BP as main outcome, European ancestry confirmed, no review terms."
Effect of Cheese Intake on Cardiovascular Diseases and Cardiovascular Biomarkers,"lower body mass index (BMI), Mendelian randomization, hypertension"
Genetic evidence for a causal relationship between type 2 diabetes and peripheral artery disease in both Europeans and East Asians,"Terms found: body mass index, Mendelian randomization, systolic blood pressure, Europeans, European-specific. Terms missing: review terms."
Mendelian randomization analysis does not support causal associations of birth weight with hypertension risk and blood pressure in adulthood,"Mendelian randomization, hypertension, blood pressure, systolic blood pressure, diastolic blood pressure, UK Biobank"
"Genome-Wide Association Analysis of Over 170,000 Individuals from the UK Biobank Identifies Seven Loci Associated with Dietary Approaches to Stop Hypertension (DASH) Diet","Terms found: body mass index (BMI)/obesity, Mendelian randomisation, Dietary Approaches to Stop Hypertension (DASH), UK Biobank. Missing terms: specific review terms."
A multi-population phenome-wide association study of genetically-predicted height in the Million Veteran Program,"Mendelian Randomization in title and abstract, body mass index and hypertension in abstract, European-ancestry in abstract. No review terms found."
The association between cardiovascular risk factors and major cardiovascular diseases decreases with increasing frailty levels in geriatric outpatients,"Obesity found as a CVRF but not main exposure, Mendelian randomization mentioned but not main method, hypertension found but not main outcome, no European ancestry or review terms found."
Genetic Determinants of Body Mass Index and Fasting Glucose Are Mediators of Grade 1 Diastolic Dysfunction,"Body Mass Index, BMI, Mendelian randomization, 2-sample Mendelian randomization, Mendelian randomization-Egger, Multivariable Mendelian randomization, hypertension, European ancestry"
Cardiovascular risk factors and lifestyle behaviours in relation to longevity: a Mendelian randomization study,"BMI ('body mass index'), Mendelian randomisation ('Mendelian randomization'), and blood pressure terms ('systolic and diastolic blood pressure') are present in the abstract. No European ancestry or review terms found."
Mendelian Randomization Analyses Suggest Childhood Body Size Indirectly Influences End Points From Across the Cardiovascular Disease Spectrum Through Adult Body Size,"adult body size, Mendelian randomization, multivariable Mendelian randomization, hypertension"
Maternal Hypertension Increases Risk of Preeclampsia and Low Fetal Birthweight: Genetic Evidence From a Mendelian Randomization Study,All terms except review terms are present in the title and abstract. Review terms are missing.
"MR-PheWAS: hypothesis prioritization among potential causal effects of body mass index on many outcomes, using Mendelian randomization","Present terms: body mass index, BMI, Mendelian randomization, blood pressure. Missing terms: European ancestry terms, review terms."
Causal Effects of Overall and Abdominal Obesity on Insulin Resistance and the Risk of Type 2 Diabetes Mellitus: A Two-Sample Mendelian Randomization Study,"BMI and adiposity terms present as main exposure, Mendelian randomisation as main method, blood pressure terms not as main outcome, no European ancestry or review terms found."
Trans-ethnic Mendelian-randomization study reveals causal relationships between cardiometabolic factors and chronic kidney disease,"All terms are present in the abstract except for review terms, which are not mentioned."
Appraising the Effect of Potential Risk Factors on Thyroid Cancer: A Mendelian Randomization Study,"waist-to-hip ratio, Mendelian Randomization, Mendelian randomization, diastolic blood pressure, FinnGen Study"
Blood pressure and risk of cancer: a Mendelian randomization study,"Terms found: body mass index, Mendelian randomization, blood pressure, BP, systolic and diastolic BP, UK Biobank. Terms missing: review terms."
"Roles of Cardiometabolic Factors in Mediating the Causal Effect of Type 2 Diabetes on Cardiovascular Diseases: A Two-Step, Two-Sample Multivariable Mendelian Randomization Study","The terms 'body mass index (BMI)', 'Mendelian Randomization', 'multivariable Mendelian randomization', 'blood pressure', 'systolic blood pressure (SBP)', 'diastolic blood pressure (DBP)' are present in the abstract. No European ancestry or review terms found."
Accelerated MRI-predicted brain ageing and its associations with cardiometabolic and brain disorders,Body mass index and increased diastolic blood pressure are mentioned in the abstract. No Mendelian randomisation or review terms found. UK Biobank indicates European ancestry.
Association between alcohol and cardiovascular disease: Mendelian randomisation analysis based on individual participant data,"Mendelian randomisation, European descent, body mass index, systolic blood pressure present. No review terms found."
The Association of Obstructive Sleep Apnea With Breast Cancer Incidence and Mortality: A Systematic Review and Meta-analysis,"Obesity found in abstract but not as main exposure, Mendelian randomization found in abstract but not as main method, hypertension found in abstract but not as main outcome, no European ancestry terms found, Systematic Review and Meta-analysis found in title."
Causal associations of tobacco smoking with cardiovascular risk factors: a Mendelian randomization analysis of the HUNT Study in Norway,"BMI as main exposure, Mendelian randomization as main method, blood pressure not main outcome, Norway as European ancestry, no review terms"
"Blood Eosinophil Count and Metabolic, Cardiac and Pulmonary Outcomes: A Mendelian Randomization Study","Mendelian Randomization present in title and abstract, obesity mentioned in abstract but not as main exposure, no blood pressure terms, no European ancestry terms, no review terms."
Risk of lower respiratory tract infections: a genome-wide association study with Mendelian randomization analysis in three independent European populations,"Terms found: increasing body mass index, Mendelian randomization, MR, systolic blood pressure, European populations. Terms missing: review terms."
Associations of genetically predicted IL-6 signaling with cardiovascular disease risk across population subgroups,"BMI mentioned as a stratification factor, not main exposure; Mendelian randomization used as main method; Systolic blood pressure mentioned as a stratification factor, not main outcome; White British indicates European ancestry; No review terms found."
Genetically predicted higher educational attainment decreases the risk of stroke: a multivariable Mendelian randomization study,"BMI is present but not as main exposure, Mendelian randomization is the main method, hypertension is present but not as main outcome, European descent confirms European ancestry, no review terms found."
Genetically determined intelligence and coronary artery disease risk,"BMI mentioned as part of phenotypes but not as main exposure, Mendelian randomization used as main method, hypertension mentioned but not as main outcome, no European ancestry or review terms found."
"Relative Deprivation, Income Inequality, and Cardiovascular Health: Observational and Mendelian Randomization Studies in Hong Kong Chinese","BMI mentioned as a risk factor, not main exposure; Mendelian Randomization used as main method; Blood pressure terms present but not main outcome; No European ancestry or country terms found; No review terms found."
Does greater adiposity increase blood pressure and hypertension risk?: Mendelian randomization using the FTO/MC4R genotype,"All terms: adiposity, body mass index, Mendelian randomization, blood pressure, hypertension, systolic blood pressure, diastolic blood pressure, Copenhagen General Population Study are present. Review terms are missing."
Genome-wide association and Mendelian randomisation analysis provide insights into the pathogenesis of heart failure,"The terms 'Mendelian randomisation' and 'body mass index' are present in the abstract, and 'hypertension' is mentioned as a main outcome. No terms related to European ancestry or review types were found."
Association between bilirubin and cardiovascular disease risk factors: using Mendelian randomization to assess causal inference,"BMI as main exposure, Mendelian randomisation as main method, blood pressure not main outcome, no European ancestry or review terms."
Association between adiposity and cardiovascular outcomes: an umbrella review and meta-analysis of observational and Mendelian randomization studies,"All terms present in the title and abstract: adiposity, obesity-related indices, A body mass index (BMI) increase, Mendelian randomization, hypertension, European Society of Cardiology, umbrella review."
Cognitive ability and physical health: a Mendelian randomization study,"BMI, Mendelian randomization, systolic blood pressure, UK Biobank present in the abstract. No review terms found."
Genetic determinants of daytime napping and effects on cardiometabolic health,"waist circumference, Mendelian randomization, higher blood pressure, UK Biobank, no review terms"
"Avoiding dynastic, assortative mating, and population stratification biases in Mendelian randomization through within-family analyses","BMI as main exposure, Mendelian randomization as main method, high blood pressure as main outcome, UK Biobank indicating European ancestry, no review terms found."
From the Editor,"No terms related to BMI/adiposity, Mendelian randomisation, blood pressure, European ancestry, or reviews are present in the title or abstract."
Multiple genetic variants explain measurable variance in type 2 diabetes-related traits in Pakistanis,"BMI, Mendelian randomisation, systolic blood pressure, diastolic blood pressure, Europeans present in the abstract. No review terms found."
Genetically Predicted Obesity Causally Increased the Risk of Hypertension Disorders in Pregnancy,"The terms 'obesity', 'Mendelian randomization', 'hypertension disorders', and 'FinnGen' are present in the title and abstract. Missing terms include specific review types and European ancestry terms other than 'FinnGen'."
"Adult height, coronary heart disease and stroke: a multi-locus Mendelian randomization meta-analysis","BMI mentioned as a result of height increase, not main exposure; Mendelian randomization is the main method; Systolic blood pressure mentioned, not main outcome; No European ancestry terms; Meta-analysis mentioned."
Correcting the Standard Errors of 2-Stage Residual Inclusion Estimators for Mendelian Randomization Studies,"Mendelian Randomization present in title and abstract. No terms related to BMI/adiposity, blood pressure, European ancestry, or reviews found."
Novel loci for childhood body mass index and shared heritability with adult cardiometabolic traits,"adult BMI, diastolic blood pressure present in abstract. No Mendelian randomisation, European ancestry terms, or review terms found."
Comprehensive Investigation of Circulating Biomarkers and Their Causal Role in Atherosclerosis-Related Risk Factors and Clinical Events,"All terms present in the abstract: body mass index, Mendelian randomization, systolic blood pressure, hypertension, UK Biobank. No review terms found."
Epigenetic loci for blood pressure are associated with hypertensive target organ damage in older African Americans from the genetic epidemiology network of Arteriopathy (GENOA) study,"BMI mentioned as adjusted factor, not main exposure; Mendelian randomization used as main method; Blood pressure terms as main outcome; No European ancestry or review terms found."
Mendelian Randomization Study of Obesity and Cerebrovascular Disease,BMI and Mendelian randomization are present in both title and abstract. Systolic blood pressure is mentioned in the abstract but not as the main outcome. No European ancestry terms or review terms found.
Detecting and correcting for bias in Mendelian randomization analyses using Gene-by-Environment interactions,"All terms related to Mendelian randomisation, BMI/adiposity, and blood pressure are present and correctly analyzed as per the rules. European ancestry is confirmed with the mention of 'UK Biobank'. No review terms found."
Comorbidities in gout and hyperuricemia: causality or epiphenomena?,"BMI, Mendelian randomization, review present in abstract; no blood pressure or European ancestry terms found."
Body mass index and body composition in relation to 14 cardiovascular conditions in UK Biobank: a Mendelian randomization study,"All terms 'body mass index', 'adiposity', 'BMI', 'fat mass', 'fat mass index', 'Mendelian randomization', 'arterial hypertension', 'UK Biobank' are present in the title and abstract. Missing terms related to reviews."
Vitamin D and heart failure: A two-sample mendelian randomization study,"BMI, mendelian randomization, Mendelian randomization, MR, hypertension present in the abstract. No European ancestry or country terms found. No review terms found."
Association of genetically predicted blood sucrose with coronary heart disease and its risk factors in Mendelian randomization,"adiposity, Mendelian randomization, blood pressure"
A genetic risk score for fasting plasma glucose is independently associated with arterial stiffness: a Mendelian randomization study,"Mendelian randomization, body mass index, systolic blood pressure, Sweden; no review terms found."
Nonalcoholic fatty liver disease or metabolic dysfunction-associated fatty liver disease diagnoses and cardiovascular diseases: From epidemiology to drug approaches,"Terms found: obesity, Mendelian randomization, hypertension, European, review. Missing terms: specific European country names, systematic review, umbrella review, scoping review."
Alcohol consumption and cognitive impairment in older men: a mendelian randomization study,"BMI mentioned as a covariate, not main exposure; Mendelian randomization is the main method; Hypertension mentioned but not as main outcome; No European ancestry or review terms found."
Risk factors for type 2 diabetes mellitus: An exposure-wide umbrella review of meta-analyses,"Adiposity, Mendelian randomization, high systolic blood pressure, umbrella review. No European ancestry or country terms found."
"Cardiometabolic, Lifestyle, and Nutritional Factors in Relation to Varicose Veins: A Mendelian Randomization Study","Terms found: body mass index, Mendelian Randomization, Mendelian randomization, diastolic and systolic blood pressure, systolic blood pressure, UK Biobank, FinnGen consortium. Missing terms: review terms."
Type 2 diabetes mellitus increases risk of erectile dysfunction independent of obesity and dyslipidemia: A Mendelian randomization study,BMI and Mendelian randomization terms are present in the abstract and title respectively. European ancestry term 'Europeans' is found in the abstract. No blood pressure or review terms are present.
Influence of puberty timing on adiposity and cardiometabolic traits: A Mendelian randomisation study,"All terms present: adiposity, body mass index (BMI), Mendelian randomisation, One-sample Mendelian randomisation (MR), 2-sample MR, blood pressure, white-European. Missing terms: review terms."
Excessive alcohol consumption increases mortality in later life: a genetic analysis of the health in men cohort study,"The abstract mentions 'body mass index' but not as a main exposure; 'history of hypertension' is mentioned but not as the main outcome; no Mendelian randomisation, European ancestry terms, or review types are mentioned."
Deciphering the Plasma Proteome of Type 2 Diabetes,"BMI, Mendelian randomization, hypertension, Region of Augsburg, Nord-Trondelag present; reviews missing."
New strategies for the development of lipid-lowering therapies to reduce cardiovascular risk,"Mendelian randomization, hypertension, European Society of Cardiology present in the abstract. No BMI/adiposity, review terms found."
Genetically modulated educational attainment and coronary disease risk,"Terms found: body mass index (BMI), Mendelian randomization, hypertension, European Society of Cardiology. Missing terms: review terms."
Cardiometabolic risks of SARS-CoV-2 hospitalization using Mendelian Randomization,"BMI, Mendelian Randomization, diastolic and systolic blood pressure, European. No review terms found."
Causal association between adiposity and cardiovascular disease,"adiposity present in title; Mendelian randomisation, blood pressure terms, European ancestry terms, review terms missing."
Mendelian randomization provides support for obesity as a risk factor for meningioma,"Mendelian randomization, body mass index, body fat percentage, diastolic blood pressure, systolic blood pressure present in abstract. No European ancestry or review terms found."
Semiparametric methods for estimation of a nonlinear exposure-outcome relationship using instrumental variables with application to Mendelian randomization,"Mendelian randomization, body mass index, systolic blood pressure, diastolic blood pressure present in abstract. No European ancestry or review terms found."
Midlife vascular risk factors and risk of incident dementia: Longitudinal cohort and Mendelian randomization analyses in the UK Biobank,BMI mentioned as part of lifestyle subscore but not main exposure; Mendelian randomization used as main method; blood pressure mentioned but not as main outcome; UK indicates European ancestry; no review terms found.
Contribution of genetics to visceral adiposity and its relation to cardiovascular and metabolic disease,"All terms present: visceral adiposity, Mendelian randomization, hypertension, Caucasian. Missing terms: systematic review, umbrella review, scoping review."
Causal inference for heritable phenotypic risk factors using heterogeneous genetic instruments,"body mass index, Mendelian Randomization, systolic blood pressure"
"Urinary Albumin, Sodium, and Potassium and Cardiovascular Outcomes in the UK Biobank: Observational and Mendelian Randomization Analyses","BMI/adiposity terms found in abstract as 'adiposity-related measures' and is main exposure. Mendelian randomisation found in title and abstract as 'Mendelian Randomization' and 'Mendelian randomization', and is main method. Blood pressure terms found in abstract as 'blood pressure (BP)' and is main outcome. European ancestry terms found in title as 'UK Biobank'. No review terms found."
Associations between Potentially Modifiable Risk Factors and Alzheimer Disease: A Mendelian Randomization Study,"BMI mentioned as 'body mass index (BMI)', Mendelian randomisation as 'Mendelian Randomization' and 'Mendelian randomization', blood pressure as 'systolic blood pressure (SBP)'. No European ancestry or review terms found."
Duration of obesity exposure between ages 10 and 40 years and its relationship with cardiometabolic disease risk factors: A cohort study,"BMI mentioned as 'body mass index (BMI)' but not as main exposure, Mendelian randomisation mentioned as 'mendelian randomization' but not main method, blood pressure terms 'systolic (SBP) and diastolic blood pressure (DBP)' mentioned but not main outcome, European ancestry term 'white British' present and is European, no review terms found."
Assessment of causality between modifiable factors and heart failure: A Mendelian randomization analysis,"adiposity, Mendelian randomization, Mendelian randomization (MR), systolic blood pressure (SBP)"
The causal effect of vitamin D binding protein (DBP) levels on calcemic and cardiometabolic diseases: a Mendelian randomization study,"BMI mentioned as not causally associated, Mendelian randomization is the main method, hypertension mentioned but not as main outcome, no European ancestry or review terms found."
Mendelian randomization studies in coronary artery disease,"Mendelian randomization, Mendelian randomization (MR), obesity, hypertension, European Society of Cardiology"
Diabetes and branched-chain amino acids: What is the link?,BMI/adiposity terms like 'obesity' are present but not as main exposure; Mendelian randomisation is used as the main method; Blood pressure term 'hypertension' is present but not as main outcome; European ancestry term 'Caucasian' is present and is European; No review terms found.
Feasibility of a Risk-Based Approach to Cataract Surgery Preoperative Medical Evaluation,"No terms related to BMI/adiposity, Mendelian randomisation, blood pressure, European ancestry, or review types were found in the title or abstract."
The causal effects of health conditions and risk factors on social and socioeconomic outcomes: Mendelian randomization in UK Biobank,"All terms present: body mass index (BMI), Mendelian randomization, systolic blood pressure, White British ancestry. Missing terms: review terms."
